search_query,name,website,place_url
Manufacturing Companies in Montreal Canada,SurfaceID Industrial Design Corporation,https://surfaceid.com/,https://www.google.com/maps/place/SurfaceID+Industrial+Design+Corporation/data=!4m7!3m6!1s0x4cc9109fcc21b359:0x872be7156cc1f266!8m2!3d45.4810715!4d-73.5648752!16s%2Fg%2F1tdw7ny5!19sChIJWbMhzJ8QyUwRZvLBbBXnK4c
Manufacturing Companies in Montreal Canada,Freeman Manufacturing,https://www.freemansupply.com/,https://www.google.com/maps/place/Freeman+Manufacturing/data=!4m7!3m6!1s0x4cc93d2d810f298f:0xf11ead1b14c4e6d3!8m2!3d45.5018369!4d-73.7538804!16s%2Fg%2F1w0h_74s!19sChIJjykPgS09yUwR0-bEFButHvE
Manufacturing Companies in Montreal Canada,Dynatool Industries Inc,https://dyna-tool.com/,https://www.google.com/maps/place/Dynatool+Industries+Inc/data=!4m7!3m6!1s0x4cc910846e41aeb3:0x4443383f08d17534!8m2!3d45.4729268!4d-73.5784683!16s%2Fg%2F1t_wnzg3!19sChIJs65BboQQyUwRNHXRCD84Q0Q
Manufacturing Companies in Montreal Canada,Plasti-World Products Ltd.,https://www.plasti-world.com/?utm_medium=referral&utm_source=gmb&utm_campaign=lnk-gmb,https://www.google.com/maps/place/Plasti-World+Products+Ltd./data=!4m7!3m6!1s0x4cc93c636fa7573d:0x56c968e6a759c4ed!8m2!3d45.4922798!4d-73.7240957!16s%2Fg%2F1tfwjzvt!19sChIJPVenb2M8yUwR7cRZp-ZoyVY
Manufacturing Companies in Montreal Canada,L'Oréal Canada Factory,http://loreal.com/,https://www.google.com/maps/place/L%27Or%C3%A9al+Canada+Factory/data=!4m7!3m6!1s0x4cc917bbbc0e9b1f:0x38f4b3fd1c57a545!8m2!3d45.4700313!4d-73.696461!16s%2Fg%2F1thtp66c!19sChIJH5sOvLsXyUwRRaVXHP2z9Dg
Manufacturing Companies in Montreal Canada,Meatec Inc,http://meatecinc.com/,https://www.google.com/maps/place/Meatec+Inc/data=!4m7!3m6!1s0x4cc917e26ae17fa3:0x26ebb5a13fa4128d!8m2!3d45.488729!4d-73.7520488!16s%2Fg%2F1tp26x3_!19sChIJo3_hauIXyUwRjRKkP6G16yY
Manufacturing Companies in Montreal Canada,TGE Industrial Canada,https://www.tgeindustrial.com/,https://www.google.com/maps/place/TGE+Industrial+Canada/data=!4m7!3m6!1s0x4cc91b39ba565255:0xa1a2ff67d579e245!8m2!3d45.5027047!4d-73.5735375!16s%2Fg%2F11rht6ghx_!19sChIJVVJWujkbyUwRReJ51Wf_oqE
Manufacturing Companies in Montreal Canada,ADM,http://www.adm.com/,https://www.google.com/maps/place/ADM/data=!4m7!3m6!1s0x4cc91a8c7ca07ff1:0x3b0488ca17321875!8m2!3d45.4920118!4d-73.5512844!16s%2Fg%2F1tmqldgr!19sChIJ8X-gfIwayUwRdRgyF8qIBDs
Manufacturing Companies in Montreal Canada,Dero Enterprises Inc.,http://dero.qc.ca/,https://www.google.com/maps/place/Dero+Enterprises+Inc./data=!4m7!3m6!1s0x4cc91f3e7efad201:0x48896061985c8aac!8m2!3d45.581078!4d-73.6336746!16s%2Fg%2F1td17gdd!19sChIJAdL6fj4fyUwRrIpcmGFgiUg
Manufacturing Companies in Montreal Canada,Madovar Packaging Inc,http://madovar.com/,https://www.google.com/maps/place/Madovar+Packaging+Inc/data=!4m7!3m6!1s0x4cc919d5be41094d:0x3461e84cd9f89b9!8m2!3d45.4920896!4d-73.6608842!16s%2Fg%2F1yj4k3w6c!19sChIJTQlBvtUZyUwRuYmfzYQeRgM
Manufacturing Companies in Montreal Canada,Worlée Natural Products (Canada) Inc.,http://www.worlee.net/,https://www.google.com/maps/place/Worl%C3%A9e+Natural+Products+%28Canada%29+Inc./data=!4m7!3m6!1s0x4cc917e4fccdc593:0x7dc290f3e4c1ed5c!8m2!3d45.485384!4d-73.7120146!16s%2Fg%2F1tf2xdnv!19sChIJk8XN_OQXyUwRXO3B5POQwn0
Manufacturing Companies in Montreal Canada,Landish Foods,http://landish.ca/,https://www.google.com/maps/place/Landish+Foods/data=!4m7!3m6!1s0x4cc91a56e6ac0487:0x7b31f186ba208ff7!8m2!3d45.4574478!4d-73.7180075!16s%2Fg%2F11f2_p12pl!19sChIJhwSs5lYayUwR948guobxMXs
Manufacturing Companies in Montreal Canada,"Pharmascience International, Royalmount Office",https://www.pharmascience.com/international/,"https://www.google.com/maps/place/Pharmascience+International,+Royalmount+Office/data=!4m7!3m6!1s0x4cc9174e975e527b:0xa7a85a8dbd310129!8m2!3d45.4890704!4d-73.6735606!16s%2Fg%2F1vj5ztr_!19sChIJe1Jel04XyUwRKQExvY1aqKc"
Manufacturing Companies in Montreal Canada,Anomera Inc.,http://www.anomera.ca/,https://www.google.com/maps/place/Anomera+Inc./data=!4m7!3m6!1s0x4cc91be26ce53dbf:0x694590c7a4cb788e!8m2!3d45.5049785!4d-73.5676861!16s%2Fg%2F11mgn7d2pl!19sChIJvz3lbOIbyUwRjnjLpMeQRWk
Manufacturing Companies in Montreal Canada,Emballages STOCK Packaging Canada Inc.,http://www.stockcanada.ca/,https://www.google.com/maps/place/Emballages+STOCK+Packaging+Canada+Inc./data=!4m7!3m6!1s0x4cc93c5fe6c4160d:0xd8ef380dfe4b3a52!8m2!3d45.4831506!4d-73.7030962!16s%2Fg%2F1td3r39g!19sChIJDRbE5l88yUwRUjpL_g0479g
Manufacturing Companies in Montreal Canada,Mont-Pharma Inc,http://www.montpharma.com/,https://www.google.com/maps/place/Mont-Pharma+Inc/data=!4m7!3m6!1s0x4cc9183ae776f885:0x8625bb5c22cb70f2!8m2!3d45.5004534!4d-73.7271927!16s%2Fg%2F1tlqplw5!19sChIJhfh25zoYyUwR8nDLIly7JYY
Manufacturing Companies in Montreal Canada,Corealis Pharma,http://corealispharma.com/,https://www.google.com/maps/place/Corealis+Pharma/data=!4m7!3m6!1s0x4cc9225b1dcea621:0x5243d16eab543510!8m2!3d45.5459821!4d-73.7240045!16s%2Fg%2F1tgf7dnp!19sChIJIabOHVsiyUwREDVUq27RQ1I
Manufacturing Companies in Montreal Canada,Paramount Paper,http://www.paramountpaper.com/,https://www.google.com/maps/place/Paramount+Paper/data=!4m7!3m6!1s0x4cc9186055555557:0x2d9bb090919c76d5!8m2!3d45.5725279!4d-73.6094699!16s%2Fg%2F11f03vynxd!19sChIJV1VVVWAYyUwR1XackZCwmy0
Manufacturing Companies in Montreal Canada,CentroPlast Canada Inc.,https://centroplast.ca/,https://www.google.com/maps/place/CentroPlast+Canada+Inc./data=!4m7!3m6!1s0x4cc91f0ed1dfca01:0xed168b4e18b5ce!8m2!3d45.5896864!4d-73.6179679!16s%2Fg%2F11f1wr0pbj!19sChIJAcrf0Q4fyUwRzrUYTosW7QA
Manufacturing Companies in Montreal Canada,Biodextris,http://www.biodextris.com/,https://www.google.com/maps/place/Biodextris/data=!4m7!3m6!1s0x4cc9225b7ffc36fd:0xab85d371ca238366!8m2!3d45.5495553!4d-73.7241898!16s%2Fg%2F11bz0k7r8x!19sChIJ_Tb8f1siyUwRZoMjynHThas
Manufacturing Companies in Montreal Canada,PyroGenesis Canada Inc.Manufacturing Facility,http://www.pyrogenesis.com/,https://www.google.com/maps/place/PyroGenesis+Canada+Inc.Manufacturing+Facility/data=!4m7!3m6!1s0x4cc910950bfcf5df:0x34a28b149d3e9d0f!8m2!3d45.4642646!4d-73.5995461!16s%2Fg%2F11bwl3v2z6!19sChIJ3_X8C5UQyUwRD50-nRSLojQ
Manufacturing Companies in Montreal Canada,Joyolight Group Inc.,http://joyolight.ca/,https://www.google.com/maps/place/Joyolight+Group+Inc./data=!4m7!3m6!1s0x4cc922ca7a96716b:0xc6989c9a4115513d!8m2!3d45.5403966!4d-73.6572861!16s%2Fg%2F11btwsdj3f!19sChIJa3GWesoiyUwRPVEVQZqcmMY
Manufacturing Companies in Montreal Canada,Vention,https://www.vention.io/,https://www.google.com/maps/place/Vention/data=!4m7!3m6!1s0x4cc911d8a745ba8b:0xa35695ada1282989!8m2!3d45.4724438!4d-73.5906736!16s%2Fg%2F11hz99n911!19sChIJi7pFp9gRyUwRiSkooa2VVqM
Manufacturing Companies in Montreal Canada,Neopharm Laval,https://www.neopharmlabs.com/,https://www.google.com/maps/place/Neopharm+Laval/data=!4m7!3m6!1s0x4cc922452f391495:0xd02f427c4712b35f!8m2!3d45.5485128!4d-73.7233439!16s%2Fg%2F1tdr7tg2!19sChIJlRQ5L0UiyUwRX7MSR3xCL9A
Manufacturing Companies in Montreal Canada,Medalco Industries Inc,https://www.medalcoindustries.com/,https://www.google.com/maps/place/Medalco+Industries+Inc/data=!4m7!3m6!1s0x4cc91e2d747f05cd:0xc073963cb45164cc!8m2!3d45.6255678!4d-73.5839101!16s%2Fg%2F1tcv1140!19sChIJzQV_dC0eyUwRzGRRtDyWc8A
Manufacturing Companies in Montreal Canada,Robocut Studio,http://robocutstudio.com/,https://www.google.com/maps/place/Robocut+Studio/data=!4m7!3m6!1s0x4cc9197c8f0977ab:0x52068e155f0d246c!8m2!3d45.5265436!4d-73.5957657!16s%2Fg%2F1td09kjs!19sChIJq3cJj3wZyUwRbCQNXxWOBlI
Manufacturing Companies in Montreal Canada,IONODES Inc,https://www.ionodes.com/,https://www.google.com/maps/place/IONODES+Inc/data=!4m7!3m6!1s0x4cc9201b54409dd9:0x591b30530f12996f!8m2!3d45.5741858!4d-73.7146221!16s%2Fg%2F1td_4t9c!19sChIJ2Z1AVBsgyUwRb5kSD1MwG1k
Manufacturing Companies in Montreal Canada,Agora Distribution Inc.,http://agoradistribution.com/,https://www.google.com/maps/place/Agora+Distribution+Inc./data=!4m7!3m6!1s0x4cc919070f21f3d7:0x54f1c19125eb59c0!8m2!3d45.5370585!4d-73.6538824!16s%2Fg%2F11q4c02wx8!19sChIJ1_MhDwcZyUwRwFnrJZHB8VQ
Manufacturing Companies in Montreal Canada,Custom Diamond,http://www.diamond-group.com/,https://www.google.com/maps/place/Custom+Diamond/data=!4m7!3m6!1s0x4cc9217c2a682ad5:0xd68b48709ecceabd!8m2!3d45.5805742!4d-73.7277315!16s%2Fg%2F1tfm68cl!19sChIJ1SpoKnwhyUwRverMnnBIi9Y
Manufacturing Companies in Montreal Canada,Industries Jacques Inc.,http://industriesjacques.com/,https://www.google.com/maps/place/Industries+Jacques+Inc./data=!4m7!3m6!1s0x4cc91c0aabccc355:0x9f1592b7ea20497e!8m2!3d45.6042103!4d-73.6140543!16s%2Fg%2F11b8_q9fkq!19sChIJVcPMqwocyUwRfkkg6reSFZ8
Manufacturing Companies in Montreal Canada,Semtech Quebec Inc.,http://www.semtech.com/,https://www.google.com/maps/place/Semtech+Quebec+Inc./data=!4m7!3m6!1s0x4cc93d118f670461:0xae5489e82eff4a67!8m2!3d45.4836328!4d-73.7624032!16s%2Fg%2F11bztdplwv!19sChIJYQRnjxE9yUwRZ0r_LuiJVK4
Manufacturing Companies in Montreal Canada,Cosmecor Inc Groupe Conseil-Recrutement,http://cosmecor.ca/,https://www.google.com/maps/place/Cosmecor+Inc+Groupe+Conseil-Recrutement/data=!4m7!3m6!1s0x4cc8de87a7f48d4b:0xa59e6458f9886c88!8m2!3d45.4971878!4d-73.5704708!16s%2Fg%2F1tqf_ynz!19sChIJS430p4feyEwRiGyI-VhknqU
Manufacturing Companies in Montreal Canada,Tradisi Foods,http://www.tradisifoods.com/,https://www.google.com/maps/place/Tradisi+Foods/data=!4m7!3m6!1s0x4cc9231fceb390cf:0xef5a6e16826d3c5b!8m2!3d45.5410169!4d-73.6830751!16s%2Fg%2F11ghn6cq01!19sChIJz5Czzh8jyUwRWzxtghZuWu8
Manufacturing Companies in Montreal Canada,PCM Innovation,https://www.pcminnovation.com/,https://www.google.com/maps/place/PCM+Innovation/data=!4m7!3m6!1s0x4cc91edb3db2f4c3:0xe3e7a5993c6334a4!8m2!3d45.6340505!4d-73.5037636!16s%2Fg%2F11btxcp4_x!19sChIJw_SyPdseyUwRpDRjPJml5-M
Manufacturing Companies in Montreal Canada,Montelle Intimates,http://www.montelleintimates.com/,https://www.google.com/maps/place/Montelle+Intimates/data=!4m7!3m6!1s0x4cc918efd86f6649:0x3a09c07ac4b85b1!8m2!3d45.53794!4d-73.6543868!16s%2Fg%2F1tjdqyvn!19sChIJSWZv2O8YyUwRsYVLrAecoAM
Manufacturing Companies in Montreal Canada,Euro-Pharm International Canada Inc,https://www.euro-pharm.com/,https://www.google.com/maps/place/Euro-Pharm+International+Canada+Inc/data=!4m7!3m6!1s0x4cc91fae789a8f35:0x49909f040ef37c8!8m2!3d45.6060774!4d-73.6055101!16s%2Fg%2F1tdbqh9z!19sChIJNY-aeK4fyUwRyDfvQPAJmQQ
Manufacturing Companies in Montreal Canada,Nexans Canada Inc. - Montreal,https://www.nexans.ca/,https://www.google.com/maps/place/Nexans+Canada+Inc.+-+Montreal/data=!4m7!3m6!1s0x4cc8e20936cf2b97:0x920884d2e31ce379!8m2!3d45.628232!4d-73.5136071!16s%2Fg%2F11byxgn1yq!19sChIJlyvPNgniyEwReeMc49KECJI
Manufacturing Companies in Montreal Canada,La Fourmi Bionique Inc.,https://www.lafourmibionique.com/,https://www.google.com/maps/place/La+Fourmi+Bionique+Inc./data=!4m7!3m6!1s0x4cc911a2780db57b:0x97ef69f0b501111e!8m2!3d45.4634192!4d-73.5959999!16s%2Fg%2F11h3jcgzk2!19sChIJe7UNeKIRyUwRHhEBtfBp75c
Manufacturing Companies in Montreal Canada,CBC Berlin Packaging,https://consolidatedbottle.com/,https://www.google.com/maps/place/CBC+Berlin+Packaging/data=!4m7!3m6!1s0x4cc93c65c6a040b7:0xc9b1c9520ac40ac5!8m2!3d45.4633728!4d-73.8178686!16s%2Fg%2F1ty73wyb!19sChIJt0CgxmU8yUwRxQrEClLJsck
Manufacturing Companies in Montreal Canada,Recochem Inc.,https://www.recochem.com/,https://www.google.com/maps/place/Recochem+Inc./data=!4m7!3m6!1s0x4cc917e4291ac02b:0xb1f0a7961d2ef763!8m2!3d45.4835216!4d-73.7139741!16s%2Fg%2F1vqtgdk0!19sChIJK8AaKeQXyUwRY_cuHZan8LE
Manufacturing Companies in Montreal Canada,CJM Manufacturing Inc.,https://www.cjmmanufacturing.com/,https://www.google.com/maps/place/CJM+Manufacturing+Inc./data=!4m7!3m6!1s0x4cc939004a335819:0xa353d253fe7fb641!8m2!3d45.4441592!4d-73.8965256!16s%2Fg%2F11zk57db0g!19sChIJGVgzSgA5yUwRQbZ__lPSU6M
Manufacturing Companies in Montreal Canada,Omron Automation Americas - Canada Head Office,https://industrial.omron.ca/,https://www.google.com/maps/place/Omron+Automation+Americas+-+Canada+Head+Office/data=!4m7!3m6!1s0x4cc917b45788cf61:0x69482af557b0d225!8m2!3d45.4874342!4d-73.7798481!16s%2Fg%2F1tgc93tr!19sChIJYc-IV7QXyUwRJdKwV_UqSGk
Manufacturing Companies in Montreal Canada,Novartis Pharmaceuticals Canada Inc.,https://www.novartis.ca/,https://www.google.com/maps/place/Novartis+Pharmaceuticals+Canada+Inc./data=!4m7!3m6!1s0x4cce05aac748038b:0x513beb109d4a1f76!8m2!3d45.5126566!4d-73.5523522!16s%2Fg%2F11b5wcs_7d!19sChIJiwNIx6oFzkwRdh9KnRDrO1E
Manufacturing Companies in Montreal Canada,L'Oreal Canada,https://www.loreal.ca/,https://www.google.com/maps/place/L%27Oreal+Canada/data=!4m7!3m6!1s0x4cc91a4435da3acd:0x872cf11a24316359!8m2!3d45.5034029!4d-73.5705414!16s%2Fg%2F1tgf2v87!19sChIJzTraNUQayUwRWWMxJBrxLIc
Manufacturing Companies in Montreal Canada,GOULD Industries,http://www.industriesgould.com/,https://www.google.com/maps/place/GOULD+Industries/data=!4m7!3m6!1s0x4cc91e6aba07ab55:0xf22f91e470b049d8!8m2!3d45.6125164!4d-73.5679527!16s%2Fg%2F1tn4xsl4!19sChIJVasHumoeyUwR2EmwcOSRL_I
Manufacturing Companies in Montreal Canada,Timila Montreal,https://www.timila.co/,https://www.google.com/maps/place/Timila+Montreal/data=!4m7!3m6!1s0x4cc93d2ad188fc61:0xefe63ab27675833b!8m2!3d45.4933369!4d-73.752421!16s%2Fg%2F11h0_j312w!19sChIJYfyI0So9yUwRO4N1drI65u8
Manufacturing Companies in Montreal Canada,Capitol Industries Inc.,http://capitolindustriesinc.com/,https://www.google.com/maps/place/Capitol+Industries+Inc./data=!4m7!3m6!1s0x4cc9197ad9667d25:0xaa784dbd3679ddf7!8m2!3d45.5291078!4d-73.6005115!16s%2Fg%2F1tglmj55!19sChIJJX1m2XoZyUwR9915Nr1NeKo
Manufacturing Companies in Montreal Canada,Fermos Manufacturing,https://fermos.ca/,https://www.google.com/maps/place/Fermos+Manufacturing/data=!4m7!3m6!1s0x4cc91f13f8c3a6ff:0x3bbb3fb419163d7c!8m2!3d45.5965075!4d-73.6157871!16s%2Fg%2F1hc5c7tn1!19sChIJ_6bD-BMfyUwRfD0WGbQ_uzs
Manufacturing Companies in Montreal Canada,Canada Malting Co. Limited,http://www.canadamalting.com/,https://www.google.com/maps/place/Canada+Malting+Co.+Limited/data=!4m7!3m6!1s0x4cc91a8db1307a81:0xdd739b4c5f6a0c5!8m2!3d45.4901444!4d-73.5474436!16s%2Fg%2F1v7py2m4!19sChIJgXowsY0ayUwRxaD2xbQ51w0
Manufacturing Companies in Montreal Canada,Empire Clothing Manufacturing,https://www.empireclothing.com/,https://www.google.com/maps/place/Empire+Clothing+Manufacturing/data=!4m7!3m6!1s0x4cc91964c1b6bdb9:0x3e97a9f3c4a15603!8m2!3d45.5302009!4d-73.598999!16s%2Fg%2F1thr6spk!19sChIJub22wWQZyUwRA1ahxPOplz4
Manufacturing Companies in Montreal Canada,Varitrim Textiles Inc.,http://www.varitrim.com/,https://www.google.com/maps/place/Varitrim+Textiles+Inc./data=!4m7!3m6!1s0x4cc91f3b6691962d:0xf825d93fba5eba58!8m2!3d45.5688025!4d-73.6085922!16s%2Fg%2F11lky53kr3!19sChIJLZaRZjsfyUwRWLpeuj_ZJfg
Manufacturing Companies in Montreal Canada,Carmel Industries,http://www.carmelindustries.com/,https://www.google.com/maps/place/Carmel+Industries/data=!4m7!3m6!1s0x4cc91f113e5858e5:0x84957b84224d8c5c!8m2!3d45.5882432!4d-73.62724!16s%2Fg%2F1td47lg9!19sChIJ5VhYPhEfyUwRXIxNIoR7lYQ
Manufacturing Companies in Montreal Canada,Walmart Supercentre,https://www.walmart.ca/en/store/3046?utm_source=local&utm_medium=listings&utm_campaign=sc&cmpid=gmb,https://www.google.com/maps/place/Supercentre+Walmart/data=!4m7!3m6!1s0x4cc910dd6e11945f:0x85dc23e831c5e8d2!8m2!3d45.452196!4d-73.609919!16s%2Fg%2F1tcvz0qt!19sChIJX5QRbt0QyUwR0ujFMegj3IU
Manufacturing Companies in Montreal Canada,Leesta Industries Ltd,https://www.leesta.com/,https://www.google.com/maps/place/Leesta+Industries+Ltd/data=!4m7!3m6!1s0x4cc93c6d151e469f:0x646e4be0e2185a52!8m2!3d45.4591091!4d-73.8284459!16s%2Fg%2F1thgb20g!19sChIJn0YeFW08yUwRUloY4uBLbmQ
Manufacturing Companies in Montreal Canada,MLW Foods Inc. - Wong Wing facility,http://www.wongwing.ca/,https://www.google.com/maps/place/MLW+Foods+Inc.+-+Wong+Wing+facility/data=!4m7!3m6!1s0x4cc91b97a5971be1:0x6831f68b74c66f2a!8m2!3d45.5343682!4d-73.5492091!16s%2Fg%2F1tfbhbnx!19sChIJ4RuXpZcbyUwRKm_GdIv2MWg
Manufacturing Companies in Montreal Canada,MITACOR INDUSTRIES INC,http://www.mitacor.com/,https://www.google.com/maps/place/MITACOR+INDUSTRIES+INC/data=!4m7!3m6!1s0x4cc93c7bbe151c0d:0x2253f74396889354!8m2!3d45.5011154!4d-73.7522244!16s%2Fg%2F11b6bpz05p!19sChIJDRwVvns8yUwRVJOIlkP3UyI
Manufacturing Companies in Montreal Canada,Top Glaciers,http://topglaciers.com/,https://www.google.com/maps/place/Top+Glaciers/data=!4m7!3m6!1s0x4cc918eb3c70903b:0xe6d9f24c4e1b2f54!8m2!3d45.6257742!4d-73.6515541!16s%2Fg%2F11fmkh70lj!19sChIJO5BwPOsYyUwRVC8bTkzy2eY
Manufacturing Companies in Montreal Canada,Milo & Dexter,http://miloanddexter.com/,https://www.google.com/maps/place/Milo+%26+Dexter/data=!4m7!3m6!1s0x4cc9199080336e63:0xac09858392a9271e!8m2!3d45.5302535!4d-73.6595725!16s%2Fg%2F11s3bgwtkr!19sChIJY24zgJAZyUwRHiepkoOFCaw
Manufacturing Companies in Montreal Canada,Groupe PARIMA,https://www.groupeparima.com/?utm_source=google_my_business&utm_medium=google_profile&utm_campaign=google&utm_content=cta,https://www.google.com/maps/place/Groupe+PARIMA/data=!4m7!3m6!1s0x4cc922b539f98d19:0x5f6d4acf3c42e877!8m2!3d45.501419!4d-73.7382125!16s%2Fg%2F1vzv38q6!19sChIJGY35ObUiyUwRd-hCPM9KbV8
Manufacturing Companies in Montreal Canada,Mecademic,https://www.mecademic.com/,https://www.google.com/maps/place/Mecademic/data=!4m7!3m6!1s0x4cc919675182cf9d:0x96e6ae3bd7d78288!8m2!3d45.4885031!4d-73.5573701!16s%2Fg%2F11byxft37x!19sChIJnc-CUWcZyUwRiILX1zuu5pY
Manufacturing Companies in Montreal Canada,Marcus Transformer Of Canada Ltd,http://www.marcustransformer.com/,https://www.google.com/maps/place/Marcus+Transformer+Of+Canada+Ltd/data=!4m7!3m6!1s0x4cc9109fcc21b359:0x388c545b55cbe4fe!8m2!3d45.4790175!4d-73.5898676!16s%2Fg%2F1tklq4vt!19sChIJWbMhzJ8QyUwR_uTLVVtUjDg
Manufacturing Companies in Montreal Canada,Cancino Technologies,http://www.cancinotec.com/,https://www.google.com/maps/place/Cancino+Technologies/data=!4m7!3m6!1s0x4cc9163abb8e2ddf:0x6e618a54f4341ef3!8m2!3d45.4511735!4d-73.727899!16s%2Fg%2F1tmg650g!19sChIJ3y2OuzoWyUwR8x409FSKYW4
Manufacturing Companies in Montreal Canada,Kruger Packaging - cardboard factory Place Turcot,http://containerboard.kruger.com/fr/,https://www.google.com/maps/place/Kruger+Packaging+-+cardboard+factory+Place+Turcot/data=!4m7!3m6!1s0x4cc910c0bfd79583:0xfce7d9975c011624!8m2!3d45.4615748!4d-73.6060393!16s%2Fg%2F1tgn4bnp!19sChIJg5XXv8AQyUwRJBYBXJfZ5_w
Manufacturing Companies in Montreal Canada,Fabco Custom Inc,https://www.fabcocustom.com/,https://www.google.com/maps/place/Fabco+Custom+Inc/data=!4m7!3m6!1s0x4cc9162566a7237d:0x20a5d86d33041d6f!8m2!3d45.4837686!4d-73.7811537!16s%2Fg%2F11b5wndgjm!19sChIJfSOnZiUWyUwRbx0EM23YpSA
Manufacturing Companies in Montreal Canada,YKK Canada Inc.,https://canada.ykkamericas.com/,https://www.google.com/maps/place/YKK+Canada+Inc./data=!4m7!3m6!1s0x4cc917fe47de1b8b:0xdfb255a3c5ea889c!8m2!3d45.4958801!4d-73.7169723!16s%2Fg%2F1trpqdnd!19sChIJixveR_4XyUwRnIjqxaNVst8
Manufacturing Companies in Montreal Canada,Ruiz Fabrications Aérospatiales - Ruiz Aerospace Manufacturing,http://ruizaero.com/,https://www.google.com/maps/place/Ruiz+Fabrications+A%C3%A9rospatiales+-+Ruiz+Aerospace+Manufacturing/data=!4m7!3m6!1s0x4cc921682818fb1f:0x76d3dc7212e8e755!8m2!3d45.5912278!4d-73.7413241!16s%2Fg%2F11c5gbzj6v!19sChIJH_sYKGghyUwRVefoEnLc03Y
Manufacturing Companies in Montreal Canada,Elite Mills Canada Ltd,http://www.elitemills.com/,https://www.google.com/maps/place/Elite+Mills+Canada+Ltd/data=!4m7!3m6!1s0x4cc918fb3a093835:0x8aabcbd9849a3826!8m2!3d45.536598!4d-73.648081!16s%2Fg%2F1tfcbsqc!19sChIJNTgJOvsYyUwRJjiahNnLq4o
Manufacturing Companies in Montreal Canada,JTI-MacDonald Corporation,https://www.jti.com/,https://www.google.com/maps/place/JTI-MacDonald+Corporation/data=!4m7!3m6!1s0x4cc91bbde976467f:0x4286b93e8416e4e8!8m2!3d45.5321356!4d-73.5536404!16s%2Fg%2F1wbrxd6y!19sChIJf0Z26b0byUwR6OQWhD65hkI
Manufacturing Companies in Montreal Canada,Michelin North America (Canada) Inc.,http://www.michelin.ca/?utm_source=GMBlisting&utm_medium=organic,https://www.google.com/maps/place/Michelin+North+America+%28Canada%29+Inc./data=!4m7!3m6!1s0x4cc923c1bf90be3d:0xf9016b2d3197633e!8m2!3d45.5657227!4d-73.7544888!16s%2Fg%2F11c1vrnqk0!19sChIJPb6Qv8EjyUwRPmOXMS1rAfk
Manufacturing Companies in Montreal Canada,Alliance Steel Corporation,http://www.alliancesteel.com/,https://www.google.com/maps/place/Alliance+Steel+Corporation/data=!4m7!3m6!1s0x4cc9218b1fac3fcf:0x122d7c3a254d3f0!8m2!3d45.5755941!4d-73.6986062!16s%2Fg%2F1tm298vc!19sChIJzz-sH4shyUwR8NNUosPXIgE
Manufacturing Companies in Montreal Canada,Biovac System Manufacturing,https://www.biovacsystem-manufacturing.com/,https://www.google.com/maps/place/Biovac+System+Manufacturing/data=!4m7!3m6!1s0x4cc91ff412b155e3:0x362e22c8d1634fa!8m2!3d45.5668373!4d-73.6217202!16s%2Fg%2F11ykjllxr9!19sChIJ41WxEvQfyUwR-jQWjSziYgM
Manufacturing Companies in Montreal Canada,Industries Vanier Inc,http://www.industriesvanier.com/,https://www.google.com/maps/place/Industries+Vanier+Inc/data=!4m7!3m6!1s0x4cc91e40eb7f985b:0x92066006c9eb398a!8m2!3d45.6117912!4d-73.5732816!16s%2Fg%2F1q6jkbcqn!19sChIJW5h_60AeyUwRijnryQZgBpI
Manufacturing Companies in Montreal Canada,Canadian Wood Products Ltd.,https://canadianwood.ca/,https://www.google.com/maps/place/Canadian+Wood+Products+Ltd./data=!4m7!3m6!1s0x4cc91a5923eabba3:0x86cd70c2b6fd8f48!8m2!3d45.5004412!4d-73.5574005!16s%2Fg%2F1hbpwr67_!19sChIJo7vqI1kayUwRSI_9tsJwzYY
Manufacturing Companies in Montreal Canada,Korova Designs Inc.,http://www.korovadesigns.com/,https://www.google.com/maps/place/Korova+Designs+Inc./data=!4m7!3m6!1s0x4cc9198ceecfc4d1:0x4f03c022434362a4!8m2!3d45.5375861!4d-73.6585144!16s%2Fg%2F11h_4z31pf!19sChIJ0cTP7owZyUwRpGJDQyLAA08
Manufacturing Companies in Montreal Canada,Abbott Laboratories Limited,http://www.ca.abbott/,https://www.google.com/maps/place/Abbott+Laboratories+Limited/data=!4m7!3m6!1s0x4cc93d5a9d18a3ff:0xfcfa4ffc081ce605!8m2!3d45.4918656!4d-73.735105!16s%2Fg%2F1wz52b9d!19sChIJ_6MYnVo9yUwRBeYcCPxP-vw
Manufacturing Companies in Montreal Canada,Nut Grove Cheese,http://nutgrovecheese.com/,https://www.google.com/maps/place/Nut+Grove+Cheese/data=!4m7!3m6!1s0xac51f527c4fc38ed:0x721c25a45a236009!8m2!3d45.4704531!4d-73.5857643!16s%2Fg%2F11swzwcqpd!19sChIJ7Tj8xCf1UawRCWAjWqQlHHI
Manufacturing Companies in Montreal Canada,Aesus Inc,https://aesus.com/,https://www.google.com/maps/place/Aesus+Inc/data=!4m7!3m6!1s0x4cc93c8ad7e0f605:0xc812716f00d67d24!8m2!3d45.4756481!4d-73.809184!16s%2Fg%2F11bwkgnnxn!19sChIJBfbg14o8yUwRJH3WAG9xEsg
Manufacturing Companies in Montreal Canada,Les Aliments Merjex Inc.,http://tempehine.ca/,https://www.google.com/maps/place/Les+Aliments+Merjex+Inc./data=!4m7!3m6!1s0x4cc91f97fbb29d3d:0xad0aba06aaec3188!8m2!3d45.6150075!4d-73.6598847!16s%2Fg%2F11hzsn1ghz!19sChIJPZ2y-5cfyUwRiDHsqga6Cq0
Manufacturing Companies in Montreal Canada,Usines Giant Inc,https://giantinc.com/,https://www.google.com/maps/place/Usines+Giant+Inc/data=!4m7!3m6!1s0x4cc8e2739310db69:0xb6390996c3fe423c!8m2!3d45.6268358!4d-73.5012537!16s%2Fg%2F1tgfpr7b!19sChIJadsQk3PiyEwRPEL-w5YJObY
Manufacturing Companies in Montreal Canada,Pioneer Packaging,https://pioneerpack.co/,https://www.google.com/maps/place/Pioneer+Packaging/data=!4m7!3m6!1s0x4cc91951a40eb885:0x527e983703fca162!8m2!3d45.5084727!4d-73.6144711!16s%2Fg%2F11kjnr_45c!19sChIJhbgOpFEZyUwRYqH8AzeYflI
Manufacturing Companies in Montreal Canada,ALTEN Canada Montreal,http://www.alten.ca/,https://www.google.com/maps/place/ALTEN+Canada+Montreal/data=!4m7!3m6!1s0x4cc91a42e52700e9:0x420194bcbd878adc!8m2!3d45.5016582!4d-73.5642876!16s%2Fg%2F1jgm54q4w!19sChIJ6QAn5UIayUwR3IqHvbyUAUI
Manufacturing Companies in Montreal Canada,Franesse,http://www.franesse.ca/,https://www.google.com/maps/place/Franesse/data=!4m7!3m6!1s0x4cc93d58ac07205d:0x1b5a58a2bfc90bbc!8m2!3d45.4855325!4d-73.7235243!16s%2Fg%2F1td5qwwt!19sChIJXSAHrFg9yUwRvAvJv6JYWhs
Manufacturing Companies in Montreal Canada,Rail Industries Canada Inc,https://www.rail-canada.com/,https://www.google.com/maps/place/Rail+Industries+Canada+Inc/data=!4m7!3m6!1s0x4cc93d39cd688c29:0x5a413c935ce895b7!8m2!3d45.492487!4d-73.7491956!16s%2Fg%2F1td4txc2!19sChIJKYxozTk9yUwRt5XoXJM8QVo
Manufacturing Companies in Montreal Canada,CTM - Canadian Textile Machinery,http://www.ctm-textiles.com/,https://www.google.com/maps/place/CTM+-+Canadian+Textile+Machinery/data=!4m7!3m6!1s0x4cc91012d769f043:0x6f5dee735e178e8a!8m2!3d45.462117!4d-73.5489273!16s%2Fg%2F1tl0wz2c!19sChIJQ_Bp1xIQyUwRio4XXnPuXW8
Manufacturing Companies in Montreal Canada,Agile MV,http://agilemv.com/,https://www.google.com/maps/place/Agile+MV/data=!4m7!3m6!1s0x4cc91085a4b79edb:0xca93dae063b6970d!8m2!3d45.4706634!4d-73.5804703!16s%2Fg%2F11cn8_kn7k!19sChIJ2563pIUQyUwRDZe2Y-Dak8o
Manufacturing Companies in Montreal Canada,Berga Recycling,http://www.bergarecycling.com/,https://www.google.com/maps/place/Berga+Recycling/data=!4m7!3m6!1s0x4cc923b7c1251a7d:0xfafc05af9a343502!8m2!3d45.5596946!4d-73.7443439!16s%2Fg%2F11dyzqjdqc!19sChIJfRolwbcjyUwRAjU0mq8F_Po
Manufacturing Companies in Montreal Canada,Glevi Foods Industries,http://glevifoods.com/,https://www.google.com/maps/place/Glevi+Foods+Industries/data=!4m7!3m6!1s0x4cc91a335830a1f3:0x881e9684ac705fe0!8m2!3d45.5164215!4d-73.5777273!16s%2Fg%2F11gxmtqnp5!19sChIJ86EwWDMayUwR4F9wrISWHog
Industrial Manufacturers in Montreal Canada,Industries Les Industries Bonimetal Inc,http://www.bonimetal.com/,https://www.google.com/maps/place/Industries+Les+Industries+Bonimetal+Inc/data=!4m7!3m6!1s0x4cc91fab82f3ef0d:0x155cf6233ac43ec2!8m2!3d45.6029238!4d-73.6040494!16s%2Fg%2F1td8yr6h!19sChIJDe_zgqsfyUwRwj7EOiP2XBU
Industrial Manufacturers in Montreal Canada,Industries Plastifab Inc,http://www.plastifab.ca/,https://www.google.com/maps/place/Industries+Plastifab+Inc/data=!4m7!3m6!1s0x4cc917fd2e6b68a5:0x76c7b34138be16fa!8m2!3d45.4905562!4d-73.713076!16s%2Fg%2F1tggt469!19sChIJpWhrLv0XyUwR-ha-OEGzx3Y
Industrial Manufacturers in Montreal Canada,Ste-rose industries inc.,https://steroseindustries.com/,https://www.google.com/maps/place/Ste-rose+industries+inc./data=!4m7!3m6!1s0x4cc91f0e73294e2b:0x7abb7389868edec6!8m2!3d45.5933225!4d-73.6257909!16s%2Fg%2F1v44q0ks!19sChIJK04pcw4fyUwRxt6Oholzu3o
Industrial Manufacturers in Montreal Canada,Tak Design Industriel Inc,https://takdi.com/,https://www.google.com/maps/place/Tak+Design+Industriel+Inc/data=!4m7!3m6!1s0x4cc9197405e0c111:0x6e4c1db7daca6eae!8m2!3d45.5432046!4d-73.6563877!16s%2Fg%2F1vq9lxm6!19sChIJEcHgBXQZyUwRrm7K2rcdTG4
Industrial Manufacturers in Montreal Canada,ALTO Design Industriel,http://www.alto-design.com/,https://www.google.com/maps/place/ALTO+Design+Industriel/data=!4m7!3m6!1s0x4cc91bf1c513c497:0x85669e34be2e8b09!8m2!3d45.5425479!4d-73.5638925!16s%2Fg%2F1tz75lhx!19sChIJl8QTxfEbyUwRCYsuvjSeZoU
Industrial Manufacturers in Montreal Canada,Zohar Group,http://www.zoharplast.com/,https://www.google.com/maps/place/Zohar+Group/data=!4m7!3m6!1s0x4cc91082e7beee0d:0xe00c00b71d6d701c!8m2!3d45.4754515!4d-73.5813802!16s%2Fg%2F1tnqglv3!19sChIJDe6-54IQyUwRHHBtHbcADOA
Industrial Manufacturers in Montreal Canada,Sycodal Electrotechnique Inc,http://www.sycodal.com/,https://www.google.com/maps/place/Sycodal+Electrotechnique+Inc/data=!4m7!3m6!1s0x4cc91e527873783d:0x572b69a220869828!8m2!3d45.6066872!4d-73.5945825!16s%2Fg%2F1tdmpp1k!19sChIJPXhzeFIeyUwRKJiGIKJpK1c
Industrial Manufacturers in Montreal Canada,B S R Industries Inc,https://bsrpolybags.com/,https://www.google.com/maps/place/B+S+R+Industries+Inc/data=!4m7!3m6!1s0x4cc91780ddde5a07:0xfd3a360679d1bf39!8m2!3d45.4894923!4d-73.6712796!16s%2Fg%2F1wn338nz!19sChIJB1re3YAXyUwROb_ReQY2Ov0
Industrial Manufacturers in Montreal Canada,Transco Packaging Group,http://www.transco.net/,https://www.google.com/maps/place/Transco+Packaging+Group/data=!4m7!3m6!1s0x4cc918eec207b30d:0x7a8553070ed034f5!8m2!3d45.4892765!4d-73.6682772!16s%2Fg%2F1tdkx8wz!19sChIJDbMHwu4YyUwR9TTQDgdThXo
Industrial Manufacturers in Montreal Canada,NJM Packaging,https://www.njmpackaging.com/?utm_source=googlemybusiness&utm_medium=organic&utm_campaign=gmb-website-button,https://www.google.com/maps/place/NJM+Packaging/data=!4m7!3m6!1s0x4cc93d2c224c6913:0xf1c93df6a8acdce4!8m2!3d45.5001974!4d-73.7581753!16s%2Fg%2F11b5wnvg31!19sChIJE2lMIiw9yUwR5NysqPY9yfE
Industrial Manufacturers in Montreal Canada,Manutel Industrial Supplies,http://www.manutel.com/,https://www.google.com/maps/place/Manutel+Industrial+Supplies/data=!4m7!3m6!1s0x4cc93d3c64ea7c53:0x5fd3928c7eeaf542!8m2!3d45.4953693!4d-73.7521917!16s%2Fg%2F11gr1ldkt0!19sChIJU3zqZDw9yUwRQvXqfoyS018
Industrial Manufacturers in Montreal Canada,Wipeco Industries,http://www.wi-supply.com/,https://www.google.com/maps/place/Wipeco+Industries/data=!4m7!3m6!1s0x4cc91085a096a8fd:0x2b633b1fab4e6cf4!8m2!3d45.4954081!4d-73.7601471!16s%2Fg%2F1th5zdnm!19sChIJ_aiWoIUQyUwR9GxOqx87Yys
Industrial Manufacturers in Montreal Canada,OEM Industries inc.,http://www.oem-industries.com/,https://www.google.com/maps/place/OEM+Industries+inc./data=!4m7!3m6!1s0x41aacedc8742bd3f:0x62a764bc36ce5660!8m2!3d45.6238656!4d-73.599708!16s%2Fg%2F1wnf0nvm!19sChIJP71Ch9zOqkERYFbONrxkp2I
Industrial Manufacturers in Montreal Canada,Karmin Industries,https://www.karmingroup.com/,https://www.google.com/maps/place/Karmin+Industries/data=!4m7!3m6!1s0x4cc93d20e2b7f41d:0x7e81b44de8e725a5!8m2!3d45.4855003!4d-73.783554!16s%2Fg%2F1tfj2st3!19sChIJHfS34iA9yUwRpSXn6E20gX4
Industrial Manufacturers in Montreal Canada,Fermos - Store Fixtures & Retail Gondola Shelving Company in Montreal Canada,https://fermos.com/,https://www.google.com/maps/place/Fermos+-+Store+Fixtures+%26+Retail+Gondola+Shelving+Company+in+Montreal+Canada/data=!4m7!3m6!1s0x4cc9170612935a6f:0xa93a8bf5a1a35d4e!8m2!3d45.4837103!4d-73.692707!16s%2Fg%2F1vc6d083!19sChIJb1qTEgYXyUwRTl2jofWLOqk
Industrial Manufacturers in Montreal Canada,Canada pars industries,https://cpi-hydraulic-pneumatic.com/,https://www.google.com/maps/place/Canada+pars+industries/data=!4m7!3m6!1s0x4cc917b3b40cd933:0x65f7a8f00b304eee!8m2!3d45.4612534!4d-73.728723!16s%2Fg%2F11zjmdbh8y!19sChIJM9kMtLMXyUwR7k4wC_Co92U
Industrial Manufacturers in Montreal Canada,TRAF Industrial Products Inc,https://trafinc.com/,https://www.google.com/maps/place/TRAF+Industrial+Products+Inc/data=!4m7!3m6!1s0x4cc93d30e453b1cb:0x44ce589185050502!8m2!3d45.499515!4d-73.7161089!16s%2Fg%2F1tdw7p2_!19sChIJy7FT5DA9yUwRAgUFhZFYzkQ
Industrial Manufacturers in Montreal Canada,Marindustriel Enr,https://www.marind.ca/,https://www.google.com/maps/place/Marindustriel+Enr/data=!4m7!3m6!1s0x4cc91787b55a28ad:0x799e3d044f816893!8m2!3d45.4901466!4d-73.6783523!16s%2Fg%2F1tk62r1k!19sChIJrShatYcXyUwRk2iBTwQ9nnk
Industrial Manufacturers in Montreal Canada,Calko Canada,https://calkogroup.com/,https://www.google.com/maps/place/Calko+Canada/data=!4m7!3m6!1s0x405532cb8ad8c5ff:0x287531d28e8f950e!8m2!3d45.5323715!4d-73.6616363!16s%2Fg%2F11b6cphcxj!19sChIJ_8XYissyVUARDpWPjtIxdSg
Industrial Manufacturers in Montreal Canada,Boccard Canada,https://www.boccard.com/,https://www.google.com/maps/place/Boccard+Canada/data=!4m7!3m6!1s0x4cc91bb7678b854b:0xc014a83421b8823a!8m2!3d45.5205043!4d-73.5662468!16s%2Fg%2F11syc7jxd9!19sChIJS4WLZ7cbyUwROoK4ITSoFMA
Factories in Montreal Canada,Factory Fleece,https://fleecefactory.com/,https://www.google.com/maps/place/Factory+Fleece/data=!4m7!3m6!1s0x4cc918f1fea26f5b:0xf52058063d91fde2!8m2!3d45.5382147!4d-73.6581816!16s%2Fg%2F11clv85xsf!19sChIJW2-i_vEYyUwR4v2RPQZYIPU
Factories in Montreal Canada,Multi-Marques,https://bimbocanada.com/fr/carrieres,https://www.google.com/maps/place/Multi-Marques/data=!4m7!3m6!1s0x4cc9195f4d49bf57:0xbc40111a25100769!8m2!3d45.5420081!4d-73.5832876!16s%2Fg%2F11c5z_w1n9!19sChIJV79JTV8ZyUwRaQcQJRoRQLw
Factories in Montreal Canada,Ardent Mills Montreal Mill,https://ardentmills.ca/our-facilities/quebec-canada/montreal/,https://www.google.com/maps/place/Ardent+Mills+Montreal+Mill/data=!4m7!3m6!1s0x4055320bedc5adb9:0xb4e1672ce9bf6c22!8m2!3d45.4850041!4d-73.5701763!16s%2Fg%2F11b6p9bbnt!19sChIJua3F7QsyVUARImy_6Sxn4bQ
Factories in Montreal Canada,Barbers Factory Distribution,https://barbersfactory.com/,https://www.google.com/maps/place/Barbers+Factory+Distribution/data=!4m7!3m6!1s0x4cc919c199938169:0x5c0d897fd194f0c8!8m2!3d45.5403966!4d-73.6572861!16s%2Fg%2F11q8spxzbx!19sChIJaYGTmcEZyUwRyPCU0X-JDVw
Factories in Montreal Canada,BAKANO,http://www.bakanomtl.com/,https://www.google.com/maps/place/BAKANO/data=!4m7!3m6!1s0x4cc91bab447cb2e9:0x5f017557ff8217e!8m2!3d45.5326909!4d-73.6113739!16s%2Fg%2F11r3lfsnfj!19sChIJ6bJ8RKsbyUwRfiH4f1UX8AU
Factories in Montreal Canada,CPP -division d’ Imperial Dade Canada,http://www.cppinc.com/,https://www.google.com/maps/place/CPP+-division+d%E2%80%99+Imperial+Dade+Canada/data=!4m7!3m6!1s0x4cc93d35bfabbf6d:0xf086af907761fdf9!8m2!3d45.4996557!4d-73.7435918!16s%2Fg%2F1tdzqrsz!19sChIJbb-rvzU9yUwR-f1hd5CvhvA
Factories in Montreal Canada,Velan,http://www.velan.com/,https://www.google.com/maps/place/Velan/data=!4m7!3m6!1s0x4cc917eb56875923:0x546e42488f5da71f!8m2!3d45.4819763!4d-73.6999172!16s%2Fg%2F1tdm7yhz!19sChIJI1mHVusXyUwRH6ddj0hCblQ
Factories in Montreal Canada,Arcelor Mittal,https://long-canada.arcelormittal.com/,https://www.google.com/maps/place/Arcelor+Mittal/data=!4m7!3m6!1s0x4cc910ea847f3615:0x841710cf95b2f0c1!8m2!3d45.4589042!4d-73.6059646!16s%2Fg%2F1thx3nl8!19sChIJFTZ_hOoQyUwRwfCylc8QF4Q
Factories in Montreal Canada,Lallemand Inc.,https://www.lallemand.com/,https://www.google.com/maps/place/Lallemand+Inc./data=!4m7!3m6!1s0x4cc91b9079d4ad97:0x97153cb3fd70941e!8m2!3d45.539452!4d-73.5453833!16s%2Fg%2F1v5frjb7!19sChIJl63UeZAbyUwRHpRw_bM8FZc
Factories in Montreal Canada,Chocolat Central C J Inc,http://www.chococentral.com/,https://www.google.com/maps/place/Chocolat+Central+C+J+Inc/data=!4m7!3m6!1s0x4cc93d336058dc4f:0x9fb447050ff18d10!8m2!3d45.4846572!4d-73.6941899!16s%2Fg%2F1tf5dc5y!19sChIJT9xYYDM9yUwREI3xDwVHtJ8
Factories in Montreal Canada,Ropack Pharma Solutions - Canada Headquarters,http://www.ropack.com/,https://www.google.com/maps/place/Ropack+Pharma+Solutions+-+Canada+Headquarters/data=!4m7!3m6!1s0x4cc91e37bc26127f:0x745cd5e5a029037b!8m2!3d45.6158999!4d-73.5813003!16s%2Fg%2F1tqckvdr!19sChIJfxImvDceyUwRewMpoOXVXHQ
Factories in Montreal Canada,Saputo - Saint-Laurent,http://www.saputo.com/,https://www.google.com/maps/place/Saputo+-+Saint-Laurent/data=!4m7!3m6!1s0x4cc91853e737a5c7:0xb758e1e3db91815a!8m2!3d45.5220753!4d-73.6548261!16s%2Fg%2F1tghp631!19sChIJx6U351MYyUwRWoGR2-PhWLc
Factories in Montreal Canada,Alphacasting Inc.,http://www.alphacasting.com/,https://www.google.com/maps/place/Alphacasting+Inc./data=!4m7!3m6!1s0x4cc91847e1356371:0xe22755315d34824f!8m2!3d45.5119577!4d-73.6676279!16s%2Fg%2F1ts_66lq!19sChIJcWM14UcYyUwRT4I0XTFVJ-I
Factories in Montreal Canada,Canada Metal North America,https://www.canadametal.com/,https://www.google.com/maps/place/Canada+Metal+North+America/data=!4m7!3m6!1s0x4cc91e58d9fbace9:0x264652d8a51ff99f!8m2!3d45.597548!4d-73.5842992!16s%2Fg%2F1w455724!19sChIJ6az72VgeyUwRn_kfpdhSRiY
Factories in Montreal Canada,Choco de Léa,https://www.chocodelea.ca/,https://www.google.com/maps/place/Choco+de+L%C3%A9a/data=!4m7!3m6!1s0x4cc91b51bb1bcb4f:0xc0a6d4b117fab4ca!8m2!3d45.5421397!4d-73.580451!16s%2Fg%2F11kl247smn!19sChIJT8sbu1EbyUwRyrT6F7HUpsA
Factories in Montreal Canada,Wilder Toys Inc,http://wildertoys.com/,https://www.google.com/maps/place/Wilder+Toys+Inc/data=!4m7!3m6!1s0x4cc910b3c7deb437:0x1b3a4625ee0a4a30!8m2!3d45.4695293!4d-73.5817085!16s%2Fg%2F11j00s77yj!19sChIJN7Tex7MQyUwRMEoK7iVGOhs
Factories in Montreal Canada,Jacquet Montreal Inc.,https://montreal.myjacquet.com/,https://www.google.com/maps/place/Jacquet+Montreal+Inc./data=!4m7!3m6!1s0x4cc92122ebf09ac1:0x49cc7fa0b7f9db23!8m2!3d45.6441163!4d-73.5645905!16s%2Fg%2F11f9zqbrmh!19sChIJwZrw6yIhyUwRI9v5t6B_zEk
Factories in Montreal Canada,Lantic Sugar Limited,https://lanticrogers.com/,https://www.google.com/maps/place/Lantic+Sugar+Limited/data=!4m7!3m6!1s0x4cc91b8727c91b09:0xe48dc0c2163e2967!8m2!3d45.547486!4d-73.532497!16s%2Fg%2F1td17gc7!19sChIJCRvJJ4cbyUwRZyk-FsLAjeQ
Factories in Montreal Canada,Moment Factory,https://momentfactory.com/fr,https://www.google.com/maps/place/Moment+Factory/data=!4m7!3m6!1s0x4cc919769908d893:0xbcc25e991c02d2e0!8m2!3d45.5262469!4d-73.6119544!16s%2Fg%2F1trxd9r2!19sChIJk9gImXYZyUwR4NICHJlewrw
Factories in Montreal Canada,Kraft Canada,https://www.kraftcanada.ca/,https://www.google.com/maps/place/Kraft+Canada/data=!4m7!3m6!1s0x4cc919baf19b8917:0xf8b8eb3c917d6d8b!8m2!3d45.493201!4d-73.673737!16s%2Fg%2F11fv6d8mwy!19sChIJF4mb8boZyUwRi219kTzruPg
Factories in Montreal Canada,Montreal Nut Factory,http://www.montrealnutfactory.com/,https://www.google.com/maps/place/Montreal+Nut+Factory/data=!4m7!3m6!1s0x4cc91936f13d0613:0x5345657b602454a1!8m2!3d45.5310197!4d-73.6597788!16s%2Fg%2F11j53jclb2!19sChIJEwY98TYZyUwRoVQkYHtlRVM
Factories in Montreal Canada,Canadian Made Goods,https://www.canadianmadegoods.com/,https://www.google.com/maps/place/Canadian+Made+Goods/data=!4m7!3m6!1s0x4cc919a5fccf47b7:0x47048ac74a7cb98a!8m2!3d45.5302535!4d-73.6595725!16s%2Fg%2F11qq9_l9k1!19sChIJt0fP_KUZyUwRirl8SseKBEc
Factories in Montreal Canada,Canada Goose Inc,http://www.canadagoose.com/,https://www.google.com/maps/place/Canada+Goose+Inc/data=!4m7!3m6!1s0x4cc919f4b85a198f:0x1fe58adf2e06b63b!8m2!3d45.5398178!4d-73.6550292!16s%2Fg%2F11h_cy19dl!19sChIJjxlauPQZyUwRO7YGLt-K5R8
Factories in Montreal Canada,General Motors of Canada Ltd.,https://www.gm.com/,https://www.google.com/maps/place/General+Motors+of+Canada+Ltd./data=!4m7!3m6!1s0x4cc93c60959688d5:0xe5581d9e8f5fd81!8m2!3d45.4699233!4d-73.8109013!16s%2Fg%2F1vg6tc18!19sChIJ1YiWlWA8yUwRgf316NmBVQ4
Factories in Montreal Canada,Delpharm Montreal,https://www.delpharm.com/en/,https://www.google.com/maps/place/Delpharm+Montreal/data=!4m7!3m6!1s0x4cc93dc21b59b38f:0x33c17633dfd98ca!8m2!3d45.4750755!4d-73.8070976!16s%2Fg%2F11rsvn5r02!19sChIJj7NZG8I9yUwRypj9PWMXPAM
Factories in Montreal Canada,Nike Factory Store - Montreal,https://www.nike.com/ca/retail/s/nike-factory-store-montreal?cp=84620811901_seo_%3Fcp%3D84620811901_seo_&y_source=1_NTU0OTcxMi03MTUtbG9jYXRpb24ud2Vic2l0ZQ%3D%3D,https://www.google.com/maps/place/Nike+Factory+Store+-+Montreal/data=!4m7!3m6!1s0x4cc918f94551dedf:0xa1e5839cd4b3e638!8m2!3d45.5350468!4d-73.6551218!16s%2Fg%2F11c0q0wtcl!19sChIJ395RRfkYyUwROOaz1JyD5aE
Factories in Montreal Canada,Teknion Montréal Showroom,http://www.teknion.com/,https://www.google.com/maps/place/Teknion+Montr%C3%A9al+Showroom/data=!4m7!3m6!1s0x4cc91bb91b3b5a6b:0x6d0945fdff17fc2a!8m2!3d45.496373!4d-73.5679718!16s%2Fg%2F11fst7y906!19sChIJa1o7G7kbyUwRKvwX__1FCW0
Factories in Montreal Canada,Sober Carpenter,https://sobercarpenter.com/,https://www.google.com/maps/place/Sober+Carpenter/data=!4m7!3m6!1s0x4cc919154b586e09:0x4266660447923d53!8m2!3d45.5366562!4d-73.6518715!16s%2Fg%2F11sr21n1cc!19sChIJCW5YSxUZyUwRUz2SRwRmZkI
Factories in Montreal Canada,Atelier Damask,http://www.atelierdamask.com/,https://www.google.com/maps/place/Atelier+Damask/data=!4m7!3m6!1s0x4cc91f04b1d0f101:0xc8bd64eef56676d7!8m2!3d45.5668933!4d-73.6075116!16s%2Fg%2F11k6vy70xt!19sChIJAfHQsQQfyUwR13Zm9e5kvcg
Factories in Montreal Canada,Beiersdorf Canada Inc.,https://www.en.beiersdorf.ca/,https://www.google.com/maps/place/Beiersdorf+Canada+Inc./data=!4m7!3m6!1s0x4cc93d170b52b73d:0xbbbc4a74dd50c8e9!8m2!3d45.4832782!4d-73.7625206!16s%2Fg%2F11g9dqwzb4!19sChIJPbdSCxc9yUwR6chQ3XRKvLs
Factories in Montreal Canada,Biologics Manufacturing Centre,https://bmc-cppb.ca/,https://www.google.com/maps/place/Biologics+Manufacturing+Centre/data=!4m7!3m6!1s0x4cc9170c74fafb77:0xd54db8e23868861a!8m2!3d45.4866944!4d-73.6749625!16s%2Fg%2F11q97_1b77!19sChIJd_v6dAwXyUwRGoZoOOK4TdU
Factories in Montreal Canada,Film Factory Montréal,http://www.filmfactorymtl.ca/,https://www.google.com/maps/place/Film+Factory+Montr%C3%A9al/data=!4m7!3m6!1s0x4cc91a63d10be6e1:0x6dc4af33f357dc6f!8m2!3d45.490098!4d-73.563672!16s%2Fg%2F1ptwh368w!19sChIJ4eYL0WMayUwRb9xX8zOvxG0
Factories in Montreal Canada,Coca-Cola Canada Bottling Limited,http://cokecanada.com/,https://www.google.com/maps/place/Coca-Cola+Canada+Bottling+Limited/data=!4m7!3m6!1s0x4cc916495d5e0c31:0x3a838ef0963ce9b9!8m2!3d45.4539811!4d-73.7104678!16s%2Fg%2F11b5wnpfnp!19sChIJMQxeXUkWyUwRuek8lvCOgzo
Factories in Montreal Canada,Federal Plastics,https://www.fedplast.com/,https://www.google.com/maps/place/Federal+Plastics/data=!4m7!3m6!1s0x4cc917b90fc8e55d:0xba970590f916dc18!8m2!3d45.4701016!4d-73.7005836!16s%2Fg%2F1tr175g8!19sChIJXeXID7kXyUwRGNwW-ZAFl7o
Factories in Montreal Canada,"Dynacast Montreal, Quebec",https://www.dynacast.com/locations/dynacast-montreal,"https://www.google.com/maps/place/Dynacast+Montreal,+Quebec/data=!4m7!3m6!1s0x4cc93c5496165267:0xa289b4d3567338c0!8m2!3d45.4652612!4d-73.7880774!16s%2Fg%2F11c460_1dz!19sChIJZ1IWllQ8yUwRwDhzVtO0iaI"
Factories in Montreal Canada,Fitness Factory Mtl,https://www.fitnessfactorymtl.com/,https://www.google.com/maps/place/Fitness+Factory+Mtl/data=!4m7!3m6!1s0x4cc917cac5a9d4f7:0xfbcd0e6597ee8ed!8m2!3d45.478972!4d-73.666899!16s%2Fg%2F11t5bpf40s!19sChIJ99SpxcoXyUwR7eh-WebQvA8
Factories in Montreal Canada,FMR CANADA,https://www.fmrcanada.ca/,https://www.google.com/maps/place/FMR+CANADA/data=!4m7!3m6!1s0x676425c2d5392713:0xb39fd2fc0408676e!8m2!3d45.5398096!4d-73.661767!16s%2Fg%2F11w4g7d0f5!19sChIJEyc51cIlZGcRbmcIBPzSn7M
Contract Manufacturers in Montreal Canada,Carpenter Canada Co,https://carpenter.com/fr_ca/,https://www.google.com/maps/place/Carpenter+Canada+Co/data=!4m7!3m6!1s0x4cc91e22d170649b:0xc012996a445837b6!8m2!3d45.6217822!4d-73.5652722!16s%2Fg%2F1tjwhc8t!19sChIJm2Rw0SIeyUwRtjdYRGqZEsA
Contract Manufacturers in Montreal Canada,514 Supply Co.,https://514supplyco.com/,https://www.google.com/maps/place/514+Supply+Co./data=!4m7!3m6!1s0x4cc919ea64c01425:0xa9f3d0cb4ed4c31b!8m2!3d45.5080515!4d-73.6348854!16s%2Fg%2F11fv6mrszs!19sChIJJRTAZOoZyUwRG8PUTsvQ86k
Contract Manufacturers in Montreal Canada,CRL of Montreal,http://crlaurence.qc.ca/,https://www.google.com/maps/place/CRL+of+Montreal/data=!4m7!3m6!1s0x4cc91e1b62694c69:0x6f77f1047ec2a79e!8m2!3d45.6249225!4d-73.552368!16s%2Fg%2F1tgfprdz!19sChIJaUxpYhseyUwRnqfCfgTxd28
Contract Manufacturers in Montreal Canada,Canadian Metal Fashions Inc,http://www.cmf-inc.ca/,https://www.google.com/maps/place/Canadian+Metal+Fashions+Inc/data=!4m7!3m6!1s0x4cc91e573b674a3f:0x9e92e9ca92936cd4!8m2!3d45.6003607!4d-73.5905681!16s%2Fg%2F11b72q8j1h!19sChIJP0pnO1ceyUwR1GyTksrpkp4
Contract Manufacturers in Montreal Canada,Ropack Pharma Solutions - Canada Clinical Depot,http://ropack.com/,https://www.google.com/maps/place/Ropack+Pharma+Solutions+-+Canada+Clinical+Depot/data=!4m7!3m6!1s0x4cc91e3505fc0555:0xc197d9787ffb57cc!8m2!3d45.6173407!4d-73.5889983!16s%2Fg%2F11b5wqg_dv!19sChIJVQX8BTUeyUwRzFf7f3jZl8E
Contract Manufacturers in Montreal Canada,Labomar Canada Inc,http://www.labomarcanada.com/,https://www.google.com/maps/place/Labomar+Canada+Inc/data=!4m7!3m6!1s0x4cc93cf833060a81:0x2ea691b7781fcb85!8m2!3d45.4744044!4d-73.7930144!16s%2Fg%2F1th1tp00!19sChIJgQoGM_g8yUwRhcsfeLeRpi4
Contract Manufacturers in Montreal Canada,AlumComplete Sliding Doors Production,http://www.alumcomplete.ca/,https://www.google.com/maps/place/AlumComplete+Sliding+Doors+Production/data=!4m7!3m6!1s0x4cc9179346da441f:0x613c70219027a1d!8m2!3d45.4820465!4d-73.563191!16s%2Fg%2F11f0_f8rrs!19sChIJH0TaRpMXyUwRHXoCGQLHEwY
Contract Manufacturers in Montreal Canada,AON3D,https://www.aon3d.com/,https://www.google.com/maps/place/AON3D/data=!4m7!3m6!1s0x4cc918e97f18e5b3:0x4383cb07a55d29e7!8m2!3d45.5452461!4d-73.6540773!16s%2Fg%2F11g69j5p43!19sChIJs-UYf-kYyUwR5yldpQfLg0M
Contract Manufacturers in Montreal Canada,911 Innovation,https://911innovation.com/,https://www.google.com/maps/place/911+Innovation/data=!4m7!3m6!1s0x4cc93d11204c3bf3:0xdad27e4c152d86a9!8m2!3d45.4801133!4d-73.7625428!16s%2Fg%2F11b7rtszn4!19sChIJ8ztMIBE9yUwRqYYtFUx-0to
Contract Manufacturers in Montreal Canada,Cooper 1001 Articles Inc.,http://www.cooper1001.com/,https://www.google.com/maps/place/Cooper+1001+Articles+Inc./data=!4m7!3m6!1s0x4cc91be2123f9191:0xe6092c110d762aa6!8m2!3d45.5426038!4d-73.5819691!16s%2Fg%2F1tnsrjzj!19sChIJkZE_EuIbyUwRpip2DREsCeY
Contract Manufacturers in Montreal Canada,Metro Supply Chain,https://www.metroscg.com/our-company/service-areas/montreal-3pl/?utm_campaign=local&utm_content=montreal&utm_medium=organic&utm_source=google,https://www.google.com/maps/place/Metro+Supply+Chain/data=!4m7!3m6!1s0x4cc91b69cc001cff:0x79dd7d06c2341585!8m2!3d45.5025597!4d-73.5753218!16s%2Fg%2F11kbm4_dqk!19sChIJ_xwAzGkbyUwRhRU0wgZ93Xk
Contract Manufacturers in Montreal Canada,Emballages TNT Industrie,https://www.tntindustrie.ca/,https://www.google.com/maps/place/Emballages+TNT+Industrie/data=!4m7!3m6!1s0x4cc919d923c4318b:0xe15cddfdb2c80567!8m2!3d45.43525!4d-73.65221!16s%2Fg%2F11lw37fkzj!19sChIJizHEI9kZyUwRZwXIsv3dXOE
Contract Manufacturers in Montreal Canada,HRVST,http://www.gohrvst.com/,https://www.google.com/maps/place/HRVST/data=!4m7!3m6!1s0x4cc910833ed550a5:0x942e2b1987cb052f!8m2!3d45.4753206!4d-73.5802493!16s%2Fg%2F11cn5pnvgk!19sChIJpVDVPoMQyUwRLwXLhxkrLpQ
Contract Manufacturers in Montreal Canada,Teva Canada Innovation,https://www.tevacanada.com/en/our-products/specialty-medicines/specialty-products-innovation/,https://www.google.com/maps/place/Teva+Canada+Innovation/data=!4m7!3m6!1s0x4cc91a46b32bcbe5:0xe53731fd484de586!8m2!3d45.502523!4d-73.565499!16s%2Fg%2F1wj_5ncl!19sChIJ5csrs0YayUwRhuVNSP0xN-U
Contract Manufacturers in Montreal Canada,Collège National de science et technologie,http://www.collegenational.ca/,https://www.google.com/maps/place/Coll%C3%A8ge+National+de+science+et+technologie/data=!4m7!3m6!1s0x4cc91f2f25204b25:0x41065199379596ad!8m2!3d45.5665525!4d-73.6026459!16s%2Fg%2F11qnl4s5_r!19sChIJJUsgJS8fyUwRrZaVN5lRBkE
Contract Manufacturers in Montreal Canada,Actalent,https://www.actalentservices.com/fr-ca/locations/north-america/canada/quebec/montreal?ecid=ls_act_bizlist_091222_seo7123533,https://www.google.com/maps/place/Actalent/data=!4m7!3m6!1s0x4cc917f63581e4ab:0xf001dc9b4ffbd246!8m2!3d45.4958592!4d-73.6919014!16s%2Fg%2F11c4bkq2zz!19sChIJq-SBNfYXyUwRRtL7T5vcAfA
Contract Manufacturers in Montreal Canada,Acces Secure,https://www.accessecure.ca/,https://www.google.com/maps/place/Acces+Secure/data=!4m7!3m6!1s0x4cc91a46aff99fe1:0x7d475d3a49f20c!8m2!3d45.50254!4d-73.5733951!16s%2Fg%2F11g9sy__kp!19sChIJ4Z_5r0YayUwRDPJJOl1HfQA
Contract Manufacturers in Montreal Canada,Logient x Wepoint,http://logient.com/,https://www.google.com/maps/place/Logient+x+Wepoint/data=!4m7!3m6!1s0x4cc91a5906cb9863:0x9a11603c9cf05a22!8m2!3d45.5034787!4d-73.5679669!16s%2Fg%2F1tj_4w84!19sChIJY5jLBlkayUwRIlrwnDxgEZo
Contract Manufacturers in Montreal Canada,Corporate Stays - Montreal - Furnished Executive Apartment,https://www.corporatestays.com/,https://www.google.com/maps/place/Corporate+Stays+-+Montreal+-+Furnished+Executive+Apartment/data=!4m7!3m6!1s0x4cc91a4ffc201547:0x16ce4eeb6227ad86!8m2!3d45.5077999!4d-73.5702585!16s%2Fg%2F11b_2xjyjh!19sChIJRxUg_E8ayUwRhq0nYutOzhY
Contract Manufacturers in Montreal Canada,TELUS - Alexis Nihon par Bravad,https://telusprograms.com/en-ca/campaigns/bravad-alexis-nihon-qc/,https://www.google.com/maps/place/TELUS+-+Alexis+Nihon+par+Bravad/data=!4m7!3m6!1s0x4cc91a6d5c6e6ce3:0xeb65faa728aa588!8m2!3d45.4893125!4d-73.5856049!16s%2Fg%2F11b81rv5yl!19sChIJ42xuXG0ayUwRiKWKcqpftg4
Contract Manufacturers in Montreal Canada,Local Logic,https://locallogic.co/,https://www.google.com/maps/place/Local+Logic/data=!4m7!3m6!1s0x4cc91be86752b209:0x6552d27af19f708f!8m2!3d45.5128315!4d-73.5707724!16s%2Fg%2F11cn5ptg8x!19sChIJCbJSZ-gbyUwRj3Cf8XrSUmU
Contract Manufacturers in Montreal Canada,Harting Canada Inc,https://www.harting.com/CA/en,https://www.google.com/maps/place/Harting+Canada+Inc/data=!4m7!3m6!1s0x4cc93d50086ceae1:0x95ecbe0a65a66fd4!8m2!3d45.4475532!4d-73.7509406!16s%2Fg%2F11rgh76rmn!19sChIJ4epsCFA9yUwR1G-mZQq-7JU
Contract Manufacturers in Montreal Canada,DV Aluminium & PVC Montreal window and Door,http://www.dvaluminium.com/,https://www.google.com/maps/place/DV+Aluminium+%26+PVC+Montreal+window+and+Door/data=!4m7!3m6!1s0x4cc91f298add3d03:0x698071b5609ca0a7!8m2!3d45.5673378!4d-73.6232535!16s%2Fg%2F1tdxkh76!19sChIJAz3diikfyUwRp6CcYLVxgGk
Contract Manufacturers in Montreal Canada,Ultimate Portes et Fenêtres,https://www.ultimatewindows.ca/,https://www.google.com/maps/place/Ultimate+Portes+et+Fen%C3%AAtres/data=!4m7!3m6!1s0x4cc919d2c7c97a61:0x773b01e3c391b6ac!8m2!3d45.4981427!4d-73.6603101!16s%2Fg%2F1td3l6bp!19sChIJYXrJx9IZyUwRrLaRw-MBO3c
Contract Manufacturers in Montreal Canada,Medqualis,http://www.medqualis.com/,https://www.google.com/maps/place/Medqualis/data=!4m7!3m6!1s0x4cc91bc759e1ca5d:0xb4a5030271b1cb2f!8m2!3d45.5217786!4d-73.6242501!16s%2Fg%2F11b5wpw923!19sChIJXcrhWccbyUwRL8uxcQIDpbQ
Contract Manufacturers in Montreal Canada,Montreal Carbide Co Ltd,https://surfaceprep.com/montrealcarbide/,https://www.google.com/maps/place/Montreal+Carbide+Co+Ltd/data=!4m7!3m6!1s0x4cc90600c494d191:0x44933d68292531fd!8m2!3d45.4585723!4d-73.4161117!16s%2Fg%2F1thw_15h!19sChIJkdGUxAAGyUwR_TElKWg9k0Q
Contract Manufacturers in Montreal Canada,Unison Products - EcoVent,http://www.unisonproducts.ca/,https://www.google.com/maps/place/Unison+Products+-+EcoVent/data=!4m7!3m6!1s0x4cc91fbf60bb3e91:0x27d583b103e5fe64!8m2!3d45.6191858!4d-73.6136275!16s%2Fg%2F1w96gc4h!19sChIJkT67YL8fyUwRZP7lA7GD1Sc
Contract Manufacturers in Montreal Canada,KD Services,http://www.kdservices.ca/,https://www.google.com/maps/place/KD+Services/data=!4m7!3m6!1s0x4cc93c8a4fc28b43:0x4f2b393abe532e30!8m2!3d45.4840367!4d-73.7793846!16s%2Fg%2F1tfhz66z!19sChIJQ4vCT4o8yUwRMC5Tvjo5K08
Contract Manufacturers in Montreal Canada,LABORATOIRE COSMETIQUE CANADA,https://laboratoirecosmetiquecanada.com/,https://www.google.com/maps/place/LABORATOIRE+COSMETIQUE+CANADA/data=!4m7!3m6!1s0x4cc91716dda02ae5:0x6c62fc08a9f3df18!8m2!3d45.4645217!4d-73.7050069!16s%2Fg%2F11x1d9_n5k!19sChIJ5Sqg3RYXyUwRGN_zqQj8Ymw
Contract Manufacturers in Montreal Canada,Loumania Inc,https://loumania.com/,https://www.google.com/maps/place/Loumania+Inc/data=!4m7!3m6!1s0x4cc923d8f5f6c349:0xfaa224cff882753f!8m2!3d45.5778136!4d-73.7390777!16s%2Fg%2F1tc_w6hc!19sChIJScP29dgjyUwRP3WC-M8kovo
Contract Manufacturers in Montreal Canada,MTL Label,https://www.mtl-label.ca/,https://www.google.com/maps/place/MTL+Label/data=!4m7!3m6!1s0x4cc919b639c1b8b7:0x955de1dd62e8910c!8m2!3d45.5427434!4d-73.6570587!16s%2Fg%2F11h585wrrr!19sChIJt7jBObYZyUwRDJHoYt3hXZU
Contract Manufacturers in Montreal Canada,Brother International Corporation (Canada) Ltd.,http://www.brother.ca/,https://www.google.com/maps/place/Brother+International+Corporation+%28Canada%29+Ltd./data=!4m7!3m6!1s0x4cc93c8cc58133e1:0xaf74757503f141be!8m2!3d45.4798774!4d-73.8064651!16s%2Fg%2F1tfk_v1x!19sChIJ4TOBxYw8yUwRvkHxA3V1dK8
Contract Manufacturers in Montreal Canada,PBPharma Canada,http://pbpharma.com/,https://www.google.com/maps/place/PBPharma+Canada/data=!4m7!3m6!1s0x4cc91eb145adcbf1:0xc94f8b3e3aeae146!8m2!3d45.5630184!4d-73.5893464!16s%2Fg%2F11cjnqckld!19sChIJ8cutRbEeyUwRRuHqOj6LT8k
Contract Manufacturers in Montreal Canada,Delta Pharma Inc.,https://deltapharmainc.com/,https://www.google.com/maps/place/Delta+Pharma+Inc./data=!4m7!3m6!1s0x4cc93ce085beaff5:0x7ca1c33cce6573d!8m2!3d45.487774!4d-73.778627!16s%2Fg%2F1tfrx34y!19sChIJ9a--heA8yUwRPVfmzDMcygc
Contract Manufacturers in Montreal Canada,Vitrerie Starlight,http://www.vitreriestarlight.com/,https://www.google.com/maps/place/Vitrerie+Starlight/data=!4m7!3m6!1s0x4cc93b83087c89ad:0x226b2d3109a1de0f!8m2!3d45.4867908!4d-73.7088935!16s%2Fg%2F11fjy1_2dk!19sChIJrYl8CIM7yUwRD96hCTEtayI
Contract Manufacturers in Montreal Canada,Laboratoire Du-Var Inc.,http://www.du-var.com/,https://www.google.com/maps/place/Laboratoire+Du-Var+Inc./data=!4m7!3m6!1s0x4cc903109eb19b2d:0x98ef9a09d8258337!8m2!3d45.562169!4d-73.427456!16s%2Fg%2F1tv23s1k!19sChIJLZuxnhADyUwRN4Ml2Ama75g
Contract Manufacturers in Montreal Canada,Quebec Solar | Panneaux Solaires | Montréal,https://quebecsolar.ca/fr/,https://www.google.com/maps/place/Quebec+Solar+%7C+Panneaux+Solaires+%7C+Montr%C3%A9al/data=!4m7!3m6!1s0x4cc91a569076fb29:0x294ab5fd5319f7ea!8m2!3d45.5227828!4d-73.5841461!16s%2Fg%2F11b61rkps6!19sChIJKft2kFYayUwR6vcZU_21Sik
Contract Manufacturers in Montreal Canada,SECURO,http://securo.com/,https://www.google.com/maps/place/SECURO/data=!4m7!3m6!1s0x4cc918386f4873fd:0x8dcc9a238c06cc53!8m2!3d45.4868907!4d-73.777227!16s%2Fg%2F1ydpvb1l2!19sChIJ_XNIbzgYyUwRU8wGjCOazI0
Contract Manufacturers in Montreal Canada,DCR Renovation & Construction Montreal,https://dcrconstruction.ca/,https://www.google.com/maps/place/DCR+Renovation+%26+Construction+Montreal/data=!4m7!3m6!1s0x4cc9112ad00fa11b:0x186e0c7bd0b9376a!8m2!3d45.474471!4d-73.6095745!16s%2Fg%2F11gm9qb092!19sChIJG6EP0CoRyUwRaje50HsMbhg
Contract Manufacturers in Montreal Canada,Unisson Groupe Montreal - Portes et Fenêtres / Windows and Doors,https://unissongroupe.ca/,https://www.google.com/maps/place/Unisson+Groupe+Montreal+-+Portes+et+Fen%C3%AAtres+%2F+Windows+and+Doors/data=!4m7!3m6!1s0x4cc917f8bc80a7ff:0x19af4d65e5e8756b!8m2!3d45.4840839!4d-73.7017408!16s%2Fg%2F1hm2n_t94!19sChIJ_6eAvPgXyUwRa3Xo5WVNrxk
Contract Manufacturers in Montreal Canada,Imperial Tobacco Canada,https://www.imperialtobaccocanada.com/en/index.html,https://www.google.com/maps/place/Imperial+Tobacco+Canada/data=!4m7!3m6!1s0x4cc91a75ccc7a1c3:0x9ba1dea41d52a2e7!8m2!3d45.4817979!4d-73.5860056!16s%2Fg%2F1tftkv0k!19sChIJw6HHzHUayUwR56JSHaTeoZs
Contract Manufacturers in Montreal Canada,Equisoft-Montréal,https://www.equisoft.com/about-us/canada,https://www.google.com/maps/place/Equisoft-Montr%C3%A9al/data=!4m7!3m6!1s0x4cc91a5f602cb70f:0xae1db000738c375d!8m2!3d45.4978525!4d-73.5708804!16s%2Fg%2F1tf79qd9!19sChIJD7csYF8ayUwRXTeMcwCwHa4
Contract Manufacturers in Montreal Canada,"Insight Pest Solutions - Montréal, QC",https://insightpestcanada.com/locations/montreal/,"https://www.google.com/maps/place/Insight+Pest+Solutions+-+Montr%C3%A9al,+QC/data=!4m7!3m6!1s0x4cc911e349c6108b:0xd8bd5c3874e5bcbe!8m2!3d45.4784935!4d-73.5819565!16s%2Fg%2F11nnr3fjxt!19sChIJixDGSeMRyUwRvrzldDhcvdg"
Contract Manufacturers in Montreal Canada,eStruxture Data Centers MTL-1,https://www.estruxture.com/?utm_source=google&utm_medium=organic&utm_content=main_button&utm_campaign=gmb&utm_content=mtl-1,https://www.google.com/maps/place/eStruxture+Data+Centers+MTL-1/data=!4m7!3m6!1s0x4cc91a5ba1dd6bb9:0x61d757764bb43e19!8m2!3d45.5003565!4d-73.5620759!16s%2Fg%2F11g9dn5s73!19sChIJuWvdoVsayUwRGT60S3ZX12E
Contract Manufacturers in Montreal Canada,JAN-PRO Montréal ouest - West Island,https://jan-pro.ca/fr/bureau/montreal-dorval/?utm_source=google&utm_medium=organic&utm_campaign=local&utm_content=Dorval,https://www.google.com/maps/place/JAN-PRO+Montr%C3%A9al+ouest+-+West+Island/data=!4m7!3m6!1s0x4cc93d020634f139:0x62352dec294b4efc!8m2!3d45.4887478!4d-73.7213332!16s%2Fg%2F11f62h32zs!19sChIJOfE0BgI9yUwR_E5LKewtNWI
Contract Manufacturers in Montreal Canada,Sandler Montréal,https://go.sandler.com/quebec1/,https://www.google.com/maps/place/Sandler+Montr%C3%A9al/data=!4m7!3m6!1s0x4cc91bea7e3b8a9f:0x97dc34bb7615d11e!8m2!3d45.5198669!4d-73.5774107!16s%2Fg%2F11f656vqhb!19sChIJn4o7fuobyUwRHtEVdrs03Jc
Plastic Manufacturers in Montreal Canada,France-Mar Plastics Inc,https://francemarplastics.com/,https://www.google.com/maps/place/France-Mar+Plastics+Inc/data=!4m7!3m6!1s0x4cc93ce5e13b2d7d:0xafd829699cb74723!8m2!3d45.4852943!4d-73.7885533!16s%2Fg%2F1w04jqrk!19sChIJfS074eU8yUwRI0e3nGkp2K8
Plastic Manufacturers in Montreal Canada,Piedmont Plastics,http://plastiquespiedmont.com/,https://www.google.com/maps/place/Piedmont+Plastics/data=!4m7!3m6!1s0x4cc922b5a84233bb:0xc48e87f75ea8ba2f!8m2!3d45.4957467!4d-73.7566907!16s%2Fg%2F11b7cf94m_!19sChIJuzNCqLUiyUwRL7qoXveHjsQ
Plastic Manufacturers in Montreal Canada,Les Plastiques Laird Inc,https://lairdplastics.com/,https://www.google.com/maps/place/Les+Plastiques+Laird+Inc/data=!4m7!3m6!1s0x4cc91e10ac593039:0xe04efe41cdf16576!8m2!3d45.6200166!4d-73.5565307!16s%2Fg%2F11b88ylt_1!19sChIJOTBZrBAeyUwRdmXxzUH-TuA
Plastic Manufacturers in Montreal Canada,Groupe PolyAlto,https://www.polyalto.com/,https://www.google.com/maps/place/Groupe+PolyAlto/data=!4m7!3m6!1s0x4cc917fad54f8bad:0x371a163c0de7bd0e!8m2!3d45.4855422!4d-73.6958923!16s%2Fg%2F1tnjj5m8!19sChIJrYtP1foXyUwRDr3nDTwWGjc
Plastic Manufacturers in Montreal Canada,Polymershapes - Montreal,https://www.polymershapes.com/locations/montreal/,https://www.google.com/maps/place/Polymershapes+-+Montreal/data=!4m7!3m6!1s0x4cc91630d7da588d:0xc8f9d1c3c96d2a1b!8m2!3d45.4532605!4d-73.7238758!16s%2Fg%2F1tf5k7xn!19sChIJjVja1zAWyUwRGyptycPR-cg
Plastic Manufacturers in Montreal Canada,Plasticor Inc,https://plasticor.com/,https://www.google.com/maps/place/Plasticor+Inc/data=!4m7!3m6!1s0x4cc9164813ebc6bb:0xfd16a4ed43a14fca!8m2!3d45.4508345!4d-73.7148339!16s%2Fg%2F1tvt9zgs!19sChIJu8brE0gWyUwRyk-hQ-2kFv0
Plastic Manufacturers in Montreal Canada,Nanuk Gear Protection,https://www.nanukcases.ca/,https://www.google.com/maps/place/Nanuk+Gear+Protection/data=!4m7!3m6!1s0x4cc8d8fcec51ad33:0xa97d4043db072532!8m2!3d45.6943521!4d-73.751431!16s%2Fg%2F1tf652jh!19sChIJM61R7PzYyEwRMiUH20NAfak
Plastic Manufacturers in Montreal Canada,"Polar Pak, A Novolex Brand",http://www.polarpak.ca/,"https://www.google.com/maps/place/Polar+Pak,+A+Novolex+Brand/data=!4m7!3m6!1s0x4cc93d5608c4fdcd:0x8a7db55d85d3d9ef!8m2!3d45.49283!4d-73.71831!16s%2Fg%2F1tgnlpwn!19sChIJzf3ECFY9yUwR79nThV21fYo"
Plastic Manufacturers in Montreal Canada,Pretium Packaging,http://www.pretiumpkg.com/,https://www.google.com/maps/place/Pretium+Packaging/data=!4m7!3m6!1s0x4cc93d3a208c98a1:0xc70854ef3126423a!8m2!3d45.4924494!4d-73.7527706!16s%2Fg%2F1tfkkt1x!19sChIJoZiMIDo9yUwROkImMe9UCMc
Plastic Manufacturers in Montreal Canada,Polykar Inc,https://www.inveraflexibles.com/,https://www.google.com/maps/place/Polykar+Inc/data=!4m7!3m6!1s0x4cc922cbff6bdb45:0x46233afc78616a1e!8m2!3d45.5007743!4d-73.7598876!16s%2Fg%2F1tfzlz6j!19sChIJRdtr_8siyUwRHmphePw6I0Y
Plastic Manufacturers in Montreal Canada,Zohar Group,http://www.zoharplast.com/,https://www.google.com/maps/place/Zohar+Group/data=!4m7!3m6!1s0x4cc8e193fde4121b:0x31acd8d3d57feb2a!8m2!3d45.6505264!4d-73.5389602!16s%2Fg%2F1tdm_33n!19sChIJGxLk_ZPhyEwRKut_1dPYrDE
Plastic Manufacturers in Montreal Canada,Cupko - Montréal,http://cupko.ca/,https://www.google.com/maps/place/Cupko+-+Montr%C3%A9al/data=!4m7!3m6!1s0x4cc91b439607a9df:0x599132a3105ad2b9!8m2!3d45.5403116!4d-73.5509828!16s%2Fg%2F11pwz3fbdq!19sChIJ36kHlkMbyUwRudJaEKMykVk
Plastic Manufacturers in Montreal Canada,FD Plastiques Canada,https://fdplastics.com/fr/contactez-nous/,https://www.google.com/maps/place/FD+Plastiques+Canada/data=!4m7!3m6!1s0x4cc9178a5de2aaa9:0x161be76d0a5eb77f!8m2!3d45.4737333!4d-73.711314!16s%2Fg%2F1tq6jpqt!19sChIJqariXYoXyUwRf7deCm3nGxY
Plastic Manufacturers in Montreal Canada,Tetraplast Inc,http://www.tetraplast.ca/,https://www.google.com/maps/place/Tetraplast+Inc/data=!4m7!3m6!1s0x4cc91fa99dcf89b7:0xa106aea13408ef72!8m2!3d45.6031096!4d-73.6035307!16s%2Fg%2F1tj5ks5y!19sChIJt4nPnakfyUwRcu8INKGuBqE
Plastic Manufacturers in Montreal Canada,Compagnie Alpek Polyester Canada,https://www.alpekpolyester.com/,https://www.google.com/maps/place/Compagnie+Alpek+Polyester+Canada/data=!4m7!3m6!1s0x4cc8e204d2277e95:0x69994b6fc3bcdbf3!8m2!3d45.6340581!4d-73.521341!16s%2Fg%2F1hc2jh48s!19sChIJlX4n0gTiyEwR89u8w29LmWk
Plastic Manufacturers in Montreal Canada,Emballages KEYPAK Montréal,http://www.keypak.ca/,https://www.google.com/maps/place/Emballages+KEYPAK+Montr%C3%A9al/data=!4m7!3m6!1s0x4cc9390360c83e7b:0x137e5dc5c476caeb!8m2!3d45.4157299!4d-73.9304062!16s%2Fg%2F11qs9ft2rp!19sChIJez7IYAM5yUwR68p2xMVdfhM
Plastic Manufacturers in Montreal Canada,CP Formplast Inc.,https://www.cpform.com/en/,https://www.google.com/maps/place/CP+Formplast+Inc./data=!4m7!3m6!1s0x4cc8e1ed9aac0ae9:0x487a2b37c2f11e83!8m2!3d45.6454729!4d-73.5439289!16s%2Fg%2F1tdndw4h!19sChIJ6Qqsmu3hyEwRgx7xwjcrekg
Plastic Manufacturers in Montreal Canada,Lezar3D,https://lezar3d.com/,https://www.google.com/maps/place/Lezar3D/data=!4m7!3m6!1s0x4cc91bb46d0e874d:0x9d81261d7bde83bd!8m2!3d45.5559299!4d-73.61564!16s%2Fg%2F11b7q6w6_m!19sChIJTYcObbQbyUwRvYPeex0mgZ0
Plastic Manufacturers in Montreal Canada,ProtoStudio Montreal – Prototyping & Custom Parts,https://protostudio.co/,https://www.google.com/maps/place/ProtoStudio+Montreal+%E2%80%93+Prototyping+%26+Custom+Parts/data=!4m7!3m6!1s0x4cc91d96bc3f3ed1:0x4e410ce61bfb8c93!8m2!3d45.5997778!4d-73.5143202!16s%2Fg%2F11mctynb1r!19sChIJ0T4_vJYdyUwRk4z7G-YMQU4
Plastic Manufacturers in Montreal Canada,Acs Composite,http://www.acscomposite.com/,https://www.google.com/maps/place/Acs+Composite/data=!4m7!3m6!1s0x4cc916fb87c38607:0xdeeec8b4491bf35e!8m2!3d45.4499314!4d-73.6797819!16s%2Fg%2F1vhq39y1!19sChIJB4bDh_sWyUwRXvMbSbTI7t4
Plastic Manufacturers in Montreal Canada,V G Plastica,http://vgplastica.com/,https://www.google.com/maps/place/V+G+Plastica/data=!4m7!3m6!1s0x4cc9214e53753b77:0xfef329c0e9fb581f!8m2!3d45.5946108!4d-73.7548213!16s%2Fg%2F1tdyvzz_!19sChIJdzt1U04hyUwRH1j76cAp8_4
Plastic Manufacturers in Montreal Canada,AB Plastic Injectors,https://www.abplasticinjectors.com/,https://www.google.com/maps/place/AB+Plastic+Injectors/data=!4m7!3m6!1s0x4cc917bedffa95cb:0x779f0291edc4112a!8m2!3d45.4731758!4d-73.6999501!16s%2Fg%2F11hczjsh37!19sChIJy5X6374XyUwRKhHE7ZECn3c
Plastic Manufacturers in Montreal Canada,Montreal Polymers,https://www.montrealpolymers.com/,https://www.google.com/maps/place/Montreal+Polymers/data=!4m7!3m6!1s0x4cc92390f5af3f3f:0x37f95e2259b87226!8m2!3d45.5042064!4d-73.73879!16s%2Fg%2F11ld5hfpnj!19sChIJPz-v9ZAjyUwRJnK4WSJe-Tc
Plastic Manufacturers in Montreal Canada,CV International Plastics Inc,https://cvplastic.com/,https://www.google.com/maps/place/CV+International+Plastics+Inc/data=!4m7!3m6!1s0x4cc91356f371816f:0x614fcd5c1db76b01!8m2!3d45.3462033!4d-73.6931115!16s%2Fg%2F1x5f9znt!19sChIJb4Fx81YTyUwRAWu3HVzNT2E
Plastic Manufacturers in Montreal Canada,Qualipak,https://www.lavo.ca/divisions/qualipak/,https://www.google.com/maps/place/Qualipak/data=!4m7!3m6!1s0x4cc921388ff93e1f:0xb02f85280f9ddcf!8m2!3d45.6001717!4d-73.7450132!16s%2Fg%2F11bwf7k18c!19sChIJHz75jzghyUwRz935gFL4Ags
Plastic Manufacturers in Montreal Canada,Corporation d'Emballage International Weber,http://www.weberintl.com/,https://www.google.com/maps/place/Corporation+d%27Emballage+International+Weber/data=!4m7!3m6!1s0x4cc93630af9cba19:0x43539251dbdd33e1!8m2!3d45.4061467!4d-74.0473852!16s%2Fg%2F1th1tn_8!19sChIJGbqcrzA2yUwR4TPd21GSU0M
Plastic Manufacturers in Montreal Canada,"Laser Art MTL - services découpe laser, laser cutting",https://laserartmtl.ca/,"https://www.google.com/maps/place/Laser+Art+MTL+-+services+d%C3%A9coupe+laser,+laser+cutting/data=!4m7!3m6!1s0x4cc9190507de284d:0x980f176d20e74f5d!8m2!3d45.5366833!4d-73.6528721!16s%2Fg%2F11j654yrt6!19sChIJTSjeBwUZyUwRXU_nIG0XD5g"
Plastic Manufacturers in Montreal Canada,thyssenkrupp Matériaux Amérique du Nord,https://materialsplus.ca/fr,https://www.google.com/maps/place/thyssenkrupp+Mat%C3%A9riaux+Am%C3%A9rique+du+Nord/data=!4m7!3m6!1s0x4cc93d4bae124493:0x44cdc7ae50f6a41c!8m2!3d45.4984632!4d-73.7383386!16s%2Fg%2F1wl4q6pc!19sChIJk0QSrks9yUwRHKT2UK7HzUQ
Plastic Manufacturers in Montreal Canada,Stop Plastic Inc. Arrêt Plastique Inc.,https://stopplastic.ca/,https://www.google.com/maps/place/Stop+Plastic+Inc.+Arr%C3%AAt+Plastique+Inc./data=!4m7!3m6!1s0x4cc91b3c0a38079b:0x70cd6bd488ef592e!8m2!3d45.4878936!4d-73.5866015!16s%2Fg%2F11mkxm7ntd!19sChIJmwc4CjwbyUwRLlnviNRrzXA
Plastic Manufacturers in Montreal Canada,The Unscented Company,https://unscentedco.com/,https://www.google.com/maps/place/The+Unscented+Company/data=!4m7!3m6!1s0x4cc9109365f27b65:0x1ebe4f6d90bf62b2!8m2!3d45.4631613!4d-73.5950366!16s%2Fg%2F11bzt7gns8!19sChIJZXvyZZMQyUwRsmK_kG1Pvh4
Plastic Manufacturers in Montreal Canada,Canada Dumplings,https://www.canadadumplings.com/,https://www.google.com/maps/place/Canada+Dumplings/data=!4m7!3m6!1s0x4cc91110466574d3:0x1bf5386e65f4980c!8m2!3d45.4416579!4d-73.6305609!16s%2Fg%2F11frgcgwx0!19sChIJ03RlRhARyUwRDJj0ZW449Rs
Plastic Manufacturers in Montreal Canada,NU-B Inc.,https://www.nu-b.com/,https://www.google.com/maps/place/NU-B+Inc./data=!4m7!3m6!1s0x4cc922ceaa7ea887:0x5bd792338335ef35!8m2!3d45.409537!4d-74.052384!16s%2Fg%2F11g22z_1g3!19sChIJh6h-qs4iyUwRNe81gzOS11s
Plastic Manufacturers in Montreal Canada,Accent Fairchild,http://accentfairchild.com/,https://www.google.com/maps/place/Accent+Fairchild/data=!4m7!3m6!1s0x4cc93db769f36cc3:0x125cd0b6b5e57685!8m2!3d45.4980073!4d-73.7264726!16s%2Fg%2F11fpg6gpyr!19sChIJw2zzabc9yUwRhXbltbbQXBI
Plastic Manufacturers in Montreal Canada,CyFrame International Enterprises Inc.,http://www.cyframe.com/,https://www.google.com/maps/place/CyFrame+International+Enterprises+Inc./data=!4m7!3m6!1s0x4cc93c6a2e9a71e7:0x4d94e4061db02c46!8m2!3d45.4949114!4d-73.7003819!16s%2Fg%2F1tj960yq!19sChIJ53GaLmo8yUwRRiywHQbklE0
Plastic Manufacturers in Montreal Canada,Plastic Age Products Inc,https://plastic-age.com/,https://www.google.com/maps/place/Plastic+Age+Products+Inc/data=!4m7!3m6!1s0x4cc91c4cf3937509:0x152466efcb4d7eb0!8m2!3d45.5844549!4d-73.525157!16s%2Fg%2F1vp73d74!19sChIJCXWT80wcyUwRsH5Ny-9mJBU
Plastic Manufacturers in Montreal Canada,Johnston Industrial Plastics,https://www.johnstonplastics.com/?utm_source=GMB&utm_medium=GMB&utm_campaign=Montreal,https://www.google.com/maps/place/Johnston+Industrial+Plastics/data=!4m7!3m6!1s0x4cc9164d4706632d:0xc45e950dc4c6c28!8m2!3d45.4609058!4d-73.7051531!16s%2Fg%2F1tghp62d!19sChIJLWMGR00WyUwRKGxM3FDpRQw
Plastic Manufacturers in Montreal Canada,Plexi Design Montreal,http://www.plexidesignmtl.com/,https://www.google.com/maps/place/Plexi+Design+Montreal/data=!4m7!3m6!1s0x4cc9115b665b7491:0x46c329cd947132b4!8m2!3d45.4249003!4d-73.6287163!16s%2Fg%2F11sr8x7dbp!19sChIJkXRbZlsRyUwRtDJxlM0pw0Y
Plastic Manufacturers in Montreal Canada,MK Plastics,http://www.mkplastics.com/,https://www.google.com/maps/place/MK+Plastics/data=!4m7!3m6!1s0x4cc919dafc6e15f7:0x3f9450ac87b5a119!8m2!3d45.4711211!4d-73.8293191!16s%2Fg%2F1tgz064j!19sChIJ9xVu_NoZyUwRGaG1h6xQlD8
Plastic Manufacturers in Montreal Canada,Tornado Plastics,https://www.torplast.com/,https://www.google.com/maps/place/Tornado+Plastics/data=!4m7!3m6!1s0x4cc917bf1814d733:0x436eeb8331fca941!8m2!3d45.473593!4d-73.7007028!16s%2Fg%2F1tcw36ts!19sChIJM9cUGL8XyUwRQan8MYPrbkM
Plastic Manufacturers in Montreal Canada,Blisteck Plastic Inc.,http://blisteck.com/,https://www.google.com/maps/place/Blisteck+Plastic+Inc./data=!4m7!3m6!1s0x4cc911179fca642b:0x8cd1b9dd3d2160da!8m2!3d45.4342036!4d-73.6157499!16s%2Fg%2F11bbw_xszh!19sChIJK2TKnxcRyUwR2mAhPd250Yw
Plastic Manufacturers in Montreal Canada,Gamaplast,http://www.gamaplast.ca/,https://www.google.com/maps/place/Gamaplast/data=!4m7!3m6!1s0x4cc9185b1449b653:0x3a3625b3069c84b4!8m2!3d45.4932422!4d-73.722562!16s%2Fg%2F1tdr7tb8!19sChIJU7ZJFFsYyUwRtIScBrMlNjo
Plastic Manufacturers in Montreal Canada,Tecniplast Inc,http://www.tecniplast.com/,https://www.google.com/maps/place/Tecniplast+Inc/data=!4m7!3m6!1s0x4cc8e1c835f34183:0x49fe9ac1ab27b2f!8m2!3d45.6489672!4d-73.5624691!16s%2Fg%2F1tjcp1d8!19sChIJg0HzNcjhyEwRL3uyGqzpnwQ
Plastic Manufacturers in Montreal Canada,Primex Plastics Corporation,https://www.fedplast.com/,https://www.google.com/maps/place/Primex+Plastics+Corporation/data=!4m7!3m6!1s0x4cc917b90fc8eeff:0x5ca3ccabe4f5729c!8m2!3d45.4699898!4d-73.700621!16s%2Fg%2F11b5wf46ws!19sChIJ_-7ID7kXyUwRnHL15KvMo1w
Plastic Manufacturers in Montreal Canada,Summum Plastiques,https://summumplastiques.com/,https://www.google.com/maps/place/Summum+Plastiques/data=!4m7!3m6!1s0x4cc91e6a0581c9f9:0x764f03969e36390a!8m2!3d45.6073056!4d-73.5673794!16s%2Fg%2F1tgj8fhm!19sChIJ-cmBBWoeyUwRCjk2npYDT3Y
Plastic Manufacturers in Montreal Canada,CYB Plastiques,http://cybplastique.ca/,https://www.google.com/maps/place/CYB+Plastiques/data=!4m7!3m6!1s0x4cc93d52a5bb9387:0xee23eb927b7a4edb!8m2!3d45.500565!4d-73.727048!16s%2Fg%2F1w2ythyy!19sChIJh5O7pVI9yUwR2056e5LrI-4
Plastic Manufacturers in Montreal Canada,YS Plastics,http://ysplastics.ca/,https://www.google.com/maps/place/YS+Plastics/data=!4m7!3m6!1s0x4cc91d8d98ee6ee3:0x5073a8830a6c6b76!8m2!3d45.5654178!4d-73.4700384!16s%2Fg%2F11p5spc9bt!19sChIJ427umI0dyUwRdmtsCoOoc1A
Plastic Manufacturers in Montreal Canada,Propak Plastics (1979) Ltd,http://www.propakplastics.com/,https://www.google.com/maps/place/Propak+Plastics+%281979%29+Ltd/data=!4m7!3m6!1s0x4cc93c08ad991525:0x7eee4642f86bc6f6!8m2!3d45.4504208!4d-73.8504876!16s%2Fg%2F1tfmhfdz!19sChIJJRWZrQg8yUwR9sZr-EJG7n4
Plastic Manufacturers in Montreal Canada,Plastipro Canada Ltd,http://plastipro.com/,https://www.google.com/maps/place/Plastipro+Canada+Ltd/data=!4m7!3m6!1s0x4cc91e528d174797:0x80fc5d35e1064d94!8m2!3d45.6499059!4d-73.519071!16s%2Fg%2F1tmgc124!19sChIJl0cXjVIeyUwRlE0G4TVd_IA
Plastic Manufacturers in Montreal Canada,Storex Industries,http://www.storex.ca/,https://www.google.com/maps/place/Storex+Industries/data=!4m7!3m6!1s0x4cc91134fc94adff:0x391ffc84bd9c959a!8m2!3d45.5018247!4d-73.7318358!16s%2Fg%2F1v42fds3!19sChIJ_62U_DQRyUwRmpWcvYT8Hzk
Plastic Manufacturers in Montreal Canada,Veer Plastics Canada Inc.,http://www.veerplastics.com/,https://www.google.com/maps/place/Veer+Plastics+Canada+Inc./data=!4m7!3m6!1s0x4cc939083817e033:0x549bb6de46e9a4d7!8m2!3d45.4860534!4d-73.7055866!16s%2Fg%2F11hbqrzzmw!19sChIJM-AXOAg5yUwR16TpRt62m1Q
Plastic Manufacturers in Montreal Canada,Les Plastiques Cy-Bo Inc,http://www.cy-bo.com/,https://www.google.com/maps/place/Les+Plastiques+Cy-Bo+Inc/data=!4m7!3m6!1s0x4cc9215d75a6276f:0xa5f614e02827c1b6!8m2!3d45.5834132!4d-73.7442438!16s%2Fg%2F1tfcbstl!19sChIJbyemdV0hyUwRtsEnKOAU9qU
Plastic Manufacturers in Montreal Canada,ServiPak | Shrink Band Packaging Montreal Qc,https://www.servipak.com/,https://www.google.com/maps/place/ServiPak+%7C+Shrink+Band+Packaging+Montreal+Qc/data=!4m7!3m6!1s0x4cc93c57f65a58bf:0x56bb609931e2af3a!8m2!3d45.4696541!4d-73.800008!16s%2Fg%2F1tfrgcv6!19sChIJv1ha9lc8yUwROq_iMZlgu1Y
Plastic Manufacturers in Montreal Canada,ATD Manufacturing Technologies,http://www.gotooling.com/,https://www.google.com/maps/place/ATD+Manufacturing+Technologies/data=!4m7!3m6!1s0x4cc91492c9f885b9:0x4294ca27ef703f38!8m2!3d45.3621193!4d-73.6589044!16s%2Fg%2F11b73m7hwy!19sChIJuYX4yZIUyUwROD9w7yfKlEI
Plastic Manufacturers in Montreal Canada,J&C International S.E.N.C.R.L,http://jc-international.ca/,https://www.google.com/maps/place/J%26C+International+S.E.N.C.R.L/data=!4m7!3m6!1s0x4cc9188bd02fffff:0xd63717e358a68c34!8m2!3d45.5339448!4d-73.67367!16s%2Fg%2F11y2nd9f4r!19sChIJ__8v0IsYyUwRNIymWOMXN9Y
Plastic Manufacturers in Montreal Canada,Cosmaroma Home Renovation Supplies - Montréal,https://www.cosmaroma.com/,https://www.google.com/maps/place/Cosmaroma+Home+Renovation+Supplies+-+Montr%C3%A9al/data=!4m7!3m6!1s0x4cc93dcdb7154ff3:0x233ff9e96b6643b7!8m2!3d45.4729305!4d-73.8052676!16s%2Fg%2F11n09y3qtk!19sChIJ808Vt809yUwRt0Nma-n5PyM
Plastic Manufacturers in Montreal Canada,PreciKam,https://www.precikam.com/?utm_source=google&utm_medium=local&utm_campaign=google_local,https://www.google.com/maps/place/PreciKam/data=!4m7!3m6!1s0x4cc93908602d47bb:0x621533734092c61d!8m2!3d45.4195246!4d-73.9300207!16s%2Fg%2F1vxcw0vh!19sChIJu0ctYAg5yUwRHcaSQHMzFWI
Plastic Manufacturers in Montreal Canada,Groupe Lavergne Inc,http://lavergne.ca/,https://www.google.com/maps/place/Groupe+Lavergne+Inc/data=!4m7!3m6!1s0x4cc91e3d93d328a7:0x41cf895e0c321e6d!8m2!3d45.6194441!4d-73.5642593!16s%2Fg%2F1tfk_t_5!19sChIJpyjTkz0eyUwRbR4yDF6Jz0E
Plastic Manufacturers in Montreal Canada,GMC Plexiglass,http://gmcplexiglass.com/,https://www.google.com/maps/place/GMC+Plexiglass/data=!4m7!3m6!1s0x4cc923c8905acd83:0x5b5a89030e4313cc!8m2!3d45.5270636!4d-73.7342983!16s%2Fg%2F11k5zqgj3h!19sChIJg81akMgjyUwRzBNDDgOJWls
Plastic Manufacturers in Montreal Canada,Transco Packaging Group / Transco Groupe Emballage,https://transco.net/,https://www.google.com/maps/place/Transco+Packaging+Group+%2F+Transco+Groupe+Emballage/data=!4m7!3m6!1s0x4cc91780116d5c3f:0xba4a72fb35949a0a!8m2!3d45.4892765!4d-73.6682772!16s%2Fg%2F11cjj9576x!19sChIJP1xtEYAXyUwRCpqUNftySro
Plastic Manufacturers in Montreal Canada,Papiers et Emballages Arteau Inc,http://www.arteau.com/,https://www.google.com/maps/place/Papiers+et+Emballages+Arteau+Inc/data=!4m7!3m6!1s0x4cc91e2cda413e51:0x5ca634486d2ed828!8m2!3d45.6270234!4d-73.5851435!16s%2Fg%2F1v5k2mnc!19sChIJUT5B2iweyUwRKNgubUg0plw
Plastic Manufacturers in Montreal Canada,LaFlesche,http://www.laflesche.com/,https://www.google.com/maps/place/LaFlesche/data=!4m7!3m6!1s0x4cc913df4c246627:0x90251d18444a41aa!8m2!3d45.3623159!4d-73.6586973!16s%2Fg%2F11sn0fx623!19sChIJJ2YkTN8TyUwRqkFKRBgdJZA
Plastic Manufacturers in Montreal Canada,Futurplast Extrusions,http://www.futurplast.ca/en/home,https://www.google.com/maps/place/Futurplast+Extrusions/data=!4m7!3m6!1s0x4cc93d2d809c537f:0x943006019725b83d!8m2!3d45.4884837!4d-73.6917274!16s%2Fg%2F1tlbns7m!19sChIJf1OcgC09yUwRPbgllwEGMJQ
Plastic Manufacturers in Montreal Canada,Distribution Axessorize,http://www.axessorize.com/,https://www.google.com/maps/place/Distribution+Axessorize/data=!4m7!3m6!1s0x4cc91cc6275bd599:0x4e425578e46492af!8m2!3d45.4696893!4d-73.5816806!16s%2Fg%2F11bxg9dmjn!19sChIJmdVbJ8YcyUwRr5Jk5HhVQk4
Plastic Manufacturers in Montreal Canada,Portes et moulures depot,https://portesetmouluresdepot.com/,https://www.google.com/maps/place/Portes+et+moulures+depot/data=!4m7!3m6!1s0x4cc9119b57218acd:0x2ab43d936bb5db5a!8m2!3d45.4250931!4d-73.6242138!16s%2Fg%2F11y92z5nnx!19sChIJzYohV5sRyUwRWtu1a5M9tCo
Plastic Manufacturers in Montreal Canada,ARC Polymers Inc.,http://www.arcpolymersinc.com/,https://www.google.com/maps/place/ARC+Polymers+Inc./data=!4m7!3m6!1s0x4cc91702704b38e1:0x1c4e816f05f1809e!8m2!3d45.5013559!4d-73.5698619!16s%2Fg%2F11hdn2y_1j!19sChIJ4ThLcAIXyUwRnoDxBW-BThw
Plastic Manufacturers in Montreal Canada,Le Petit Duck Shoppe,http://www.lepetitduckshoppe.com/,https://www.google.com/maps/place/Le+Petit+Duck+Shoppe/data=!4m7!3m6!1s0x4cc91b812d19ad1d:0x49182afd942a164b!8m2!3d45.505177!4d-73.553918!16s%2Fg%2F11jcjq1p3k!19sChIJHa0ZLYEbyUwRSxYqlP0qGEk
Plastic Manufacturers in Montreal Canada,Victoria Park Medispa - Montréal-Est,https://vicpark.com/fr/cliniques/montreal-est/?utm_source=google&utm_medium=organic&utm_campaign=gmb&utm_content=Montreal-Est,https://www.google.com/maps/place/Victoria+Park+Medispa+-+Montr%C3%A9al-Est/data=!4m7!3m6!1s0x4cc91d3bc48c1989:0x62780bdb20b0d4f5!8m2!3d45.5911521!4d-73.539311!16s%2Fg%2F11fknqdlsv!19sChIJiRmMxDsdyUwR9dSwINsLeGI
Plastic Manufacturers in Montreal Canada,Enseignes Pinecrest,http://pinecrestmtl.com/,https://www.google.com/maps/place/Enseignes+Pinecrest/data=!4m7!3m6!1s0x4cc91bcad084ec2d:0xf10b9321e1a534af!8m2!3d45.5339162!4d-73.661423!16s%2Fg%2F1v44q0k1!19sChIJLeyE0MobyUwRrzSl4SGTC_E
Plastic Manufacturers in Montreal Canada,Multi Design Inc (Les Emballages),http://www.multidesign.ca/,https://www.google.com/maps/place/Multi+Design+Inc+%28Les+Emballages%29/data=!4m7!3m6!1s0x4cc91e3a97e295dd:0x2a0fdffcf1d006e0!8m2!3d45.6215228!4d-73.5750095!16s%2Fg%2F1td64y98!19sChIJ3ZXilzoeyUwR4AbQ8fzfDyo
Plastic Manufacturers in Montreal Canada,Taghleef Industries Canada Inc - Solution d'emballage 🇨🇦,https://www.ti-films.com/,https://www.google.com/maps/place/Taghleef+Industries+Canada+Inc+-+Solution+d%27emballage+%F0%9F%87%A8%F0%9F%87%A6/data=!4m7!3m6!1s0x41aac6eb52d147df:0x9bb7c8557f5e988d!8m2!3d45.7049696!4d-73.413163!16s%2Fg%2F12hsrqp_8!19sChIJ30fRUuvGqkERjZhef1XIt5s
Rubber Manufacturers in Montreal Canada,Contact Rubber Inc Caoutchuc Contact inc,http://www.ctcrubber.com/,https://www.google.com/maps/place/Contact+Rubber+Inc+Caoutchuc+Contact+inc/data=!4m7!3m6!1s0x4cc917cb83a6a3a9:0x162d63ab633099da!8m2!3d45.4605078!4d-73.7200819!16s%2Fg%2F1v2jcjjp!19sChIJqaOmg8sXyUwR2pkwY6tjLRY
Rubber Manufacturers in Montreal Canada,Vicone High Performance Rubber Inc.,http://www.viconerubber.com/,https://www.google.com/maps/place/Vicone+High+Performance+Rubber+Inc./data=!4m7!3m6!1s0x4cc90721b1864309:0xcd9b0208efdf4a80!8m2!3d45.5603286!4d-73.4111283!16s%2Fg%2F1v29bmzz!19sChIJCUOGsSEHyUwRgErf7wgCm80
Rubber Manufacturers in Montreal Canada,IRP Industrial Rubber Ltd.,http://www.irprubber.com/,https://www.google.com/maps/place/IRP+Industrial+Rubber+Ltd./data=!4m7!3m6!1s0x4cc93d005a809ec5:0xb46498437ebe8ba9!8m2!3d45.4953475!4d-73.755083!16s%2Fg%2F11wn72kc7g!19sChIJxZ6AWgA9yUwRqYu-fkOYZLQ
Rubber Manufacturers in Montreal Canada,Rolltech Caoutchouc,http://www.rolltech.ca/,https://www.google.com/maps/place/Rolltech+Caoutchouc/data=!4m7!3m6!1s0x4cc903324eeb4c1f:0x9a901d31ef71ecb6!8m2!3d45.5643966!4d-73.4569622!16s%2Fg%2F1tf30__v!19sChIJH0zrTjIDyUwRtuxx7zEdkJo
Rubber Manufacturers in Montreal Canada,Elastomont Inc.,http://www.elastomont.com/,https://www.google.com/maps/place/Elastomont+Inc./data=!4m7!3m6!1s0x4cc8e91410d58cc7:0xc5e4fd1050e2e4da!8m2!3d45.8279561!4d-73.4466821!16s%2Fg%2F11h230ygb1!19sChIJx4zVEBTpyEwR2uTiUBD95MU
Rubber Manufacturers in Montreal Canada,GROUP RHINO Inc,http://grouprhino.com/,https://www.google.com/maps/place/GROUP+RHINO+Inc/data=!4m7!3m6!1s0x4cc91a59141eaaab:0xca0047ebf66e85dd!8m2!3d45.5009492!4d-73.557865!16s%2Fg%2F11r41b6jz5!19sChIJq6oeFFkayUwR3YVu9utHAMo
Rubber Manufacturers in Montreal Canada,Pro-Flex Inc,http://proflex.ca/,https://www.google.com/maps/place/Pro-Flex+Inc/data=!4m7!3m6!1s0x4cc9cf086ae91071:0xc98f70056a0f1905!8m2!3d45.3489694!4d-72.7873603!16s%2Fg%2F1w97v00k!19sChIJcRDpagjPyUwRBRkPagVwj8k
Rubber Manufacturers in Montreal Canada,DeSerres Complexe Alexis Nihon,https://www.deserres.ca/fr/pages/ComplexeAlexisNihon/?utm_source=google&utm_medium=gmb&utm_campaign=DS_AlwaysOn2025_Brand_GMB_Clics_SEO_QC_FR&utm_content=DeSerres-Complexe-Alexis-Nihon,https://www.google.com/maps/place/DeSerres+Complexe+Alexis+Nihon/data=!4m7!3m6!1s0x4cc91a72a6c0cb2d:0xd36f009166049d05!8m2!3d45.488805!4d-73.5859921!16s%2Fg%2F11b8069v3y!19sChIJLcvApnIayUwRBZ0EZpEAb9M
Rubber Manufacturers in Montreal Canada,RUBBERBAND,https://rbdg.ca/,https://www.google.com/maps/place/RUBBERBAND/data=!4m7!3m6!1s0x4cc9109f06ccd709:0xac2f9850a11e2742!8m2!3d45.5051223!4d-73.5676906!16s%2Fg%2F11zpt_sdx!19sChIJCdfMBp8QyUwRQiceoVCYL6w
Rubber Manufacturers in Montreal Canada,A.J. Rubber & Sponge Ltd.,http://spongegasketsandseals.com/,https://www.google.com/maps/place/A.J.+Rubber+%26+Sponge+Ltd./data=!4m7!3m6!1s0x882c9b6811ac4777:0x798f098a10950f06!8m2!3d43.2568697!4d-79.8959911!16s%2Fg%2F1q2wcg40s!19sChIJd0esEWibLIgRBg-VEIoJj3k
Rubber Manufacturers in Montreal Canada,"Mondial Foam mtl |Spécialiste en Mousse, Foam sur mesure, coussin,découpe, rembourrage , matelas, bateau, VR ,mousse mémoire,",http://www.mondialfoammtl.com/,"https://www.google.com/maps/place/Mondial+Foam+mtl+%7CSp%C3%A9cialiste+en+Mousse,+Foam+sur+mesure,+coussin,d%C3%A9coupe,+rembourrage+,+matelas,+bateau,+VR+,mousse+m%C3%A9moire,/data=!4m7!3m6!1s0x4cc91f0615a96d49:0x5da274deb98d57b3!8m2!3d45.574007!4d-73.631989!16s%2Fg%2F11h6n1j_m8!19sChIJSW2pFQYfyUwRs1eNud50ol0"
Rubber Manufacturers in Montreal Canada,Canada Rubber Group,https://www.canadarubbergroup.com/,https://www.google.com/maps/place/Canada+Rubber+Group/data=!4m7!3m6!1s0x89d502cf35ce7655:0x92ae1b8a6d158233!8m2!3d43.897239!4d-78.6594789!16s%2Fg%2F1v470bcl!19sChIJVXbONc8C1YkRM4IVbYobrpI
Rubber Manufacturers in Montreal Canada,Azur Caoutchouc Canada Inc,http://www.azurcaoutchouc.com/,https://www.google.com/maps/place/Azur+Caoutchouc+Canada+Inc/data=!4m7!3m6!1s0x4cc91f16b9094ef3:0x50a0e3caf877ea8d!8m2!3d45.6316636!4d-73.514284!16s%2Fg%2F1tmy4p3b!19sChIJ804JuRYfyUwRjep3-MrjoFA
Rubber Manufacturers in Montreal Canada,Multiflexx Distribution - Solutions de Surfaces,https://groupemultiflex.com/,https://www.google.com/maps/place/Multiflexx+Distribution+-+Solutions+de+Surfaces/data=!4m7!3m6!1s0x4cc92141a36aaaab:0x6a71a37a47c48818!8m2!3d45.5957291!4d-73.7414796!16s%2Fg%2F11hf6nc0qb!19sChIJq6pqo0EhyUwRGIjER3qjcWo
Rubber Manufacturers in Montreal Canada,R B Packings & Seals Inc,https://www.sealsonline.com/fr/rbmtl,https://www.google.com/maps/place/R+B+Packings+%26+Seals+Inc/data=!4m7!3m6!1s0x4cc922cb3c5cc13d:0x7426ae0b5f722887!8m2!3d45.5074431!4d-73.7407632!16s%2Fg%2F1tfvgv5n!19sChIJPcFcPMsiyUwRhyhyXwuuJnQ
Rubber Manufacturers in Montreal Canada,Industrial Rubber Company Ltd,https://www.industrialrubberco.com/,https://www.google.com/maps/place/Industrial+Rubber+Company+Ltd/data=!4m7!3m6!1s0x4c989994bb337f97:0x571875caa32114b2!8m2!3d47.576374!4d-65.6678009!16s%2Fg%2F1ts3kt8g!19sChIJl38zu5SZmEwRshQho8p1GFc
Rubber Manufacturers in Montreal Canada,RubberDuck,https://rubberduck.io/,https://www.google.com/maps/place/RubberDuck/data=!4m7!3m6!1s0x8fa55327c59401f1:0x71e12dc96d9b4b9c!8m2!3d45.7285486!4d-73.6564666!16s%2Fg%2F11r9vk3ygb!19sChIJ8QGUxSdTpY8RnEubbckt4XE
Rubber Manufacturers in Montreal Canada,Système de rechapage RTS - Rechapage de pneus,https://rts-canada.com/,https://www.google.com/maps/place/Syst%C3%A8me+de+rechapage+RTS+-+Rechapage+de+pneus/data=!4m7!3m6!1s0x4cc911443792b7f5:0xbb27d972c0060f48!8m2!3d45.4229981!4d-73.6353077!16s%2Fg%2F1vq9lxkt!19sChIJ9beSN0QRyUwRSA8GwHLZJ7s
Rubber Manufacturers in Montreal Canada,"Expert Rubber Inc, Custom Rubber Manufacturer",https://expertrubber.com/,"https://www.google.com/maps/place/Expert+Rubber+Inc,+Custom+Rubber+Manufacturer/data=!4m7!3m6!1s0x882b3889826701dd:0xc8715f542d8d2376!8m2!3d43.6364675!4d-79.6096564!16s%2Fg%2F1wl4r74j!19sChIJ3QFngok4K4gRdiONLVRfccg"
Rubber Manufacturers in Montreal Canada,Nota Bene Papeterie,https://papeterie-nota-bene.myshopify.com/,https://www.google.com/maps/place/Nota+Bene+Papeterie/data=!4m7!3m6!1s0x4cc91a48fbf936e5:0x40e959d50fce7697!8m2!3d45.5084643!4d-73.5717864!16s%2Fg%2F1tdxq1t3!19sChIJ5Tb5-0gayUwRl3bOD9VZ6UA
Rubber Manufacturers in Montreal Canada,Tonic Performance,https://www.tonicperformance.com/,https://www.google.com/maps/place/Tonic+Performance/data=!4m7!3m6!1s0x4cc93d7b3ab857b1:0x6d72ca3e1a36119b!8m2!3d45.46191!4d-73.59888!16s%2Fg%2F11f7930mzg!19sChIJsVe4Ons9yUwRmxE2Gj7Kcm0
Rubber Manufacturers in Montreal Canada,Renko Canada Inc,http://www.renko.com/,https://www.google.com/maps/place/Renko+Canada+Inc/data=!4m7!3m6!1s0x4cc91e6f755770e3:0xdceba1782da2d0cf!8m2!3d45.6031985!4d-73.5633407!16s%2Fg%2F11b5wpyhc5!19sChIJ43BXdW8eyUwRz9CiLXih69w
Metal Fabricators in Montreal Canada,HBW Fabrication,https://www.hbwfabrication.com/,https://www.google.com/maps/place/HBW+Fabrication/data=!4m7!3m6!1s0x4cc9195869b27f57:0x65d4b1203d0d1f3f!8m2!3d45.5320115!4d-73.6628714!16s%2Fg%2F11t1rw6m0l!19sChIJV3-yaVgZyUwRPx8NPSCx1GU
Metal Fabricators in Montreal Canada,Tripar Inc,http://triparinc.com/?utm_source=GMB&utm_medium=organic&utm_campaign=gmb-website,https://www.google.com/maps/place/Tripar+Inc/data=!4m7!3m6!1s0x4cc8e1b7ea4770cd:0xd582a06aa64b35ad!8m2!3d45.6510345!4d-73.560122!16s%2Fg%2F1tf_sh01!19sChIJzXBH6rfhyEwRrTVLpmqggtU
Metal Fabricators in Montreal Canada,Atelier Gris,http://ateliergris.com/,https://www.google.com/maps/place/Atelier+Gris/data=!4m7!3m6!1s0x4cc9108564dbd43d:0x476a04f2bc0aca4b!8m2!3d45.4692063!4d-73.5820427!16s%2Fg%2F11cjk1qt48!19sChIJPdTbZIUQyUwRS8oKvPIEakc
Metal Fabricators in Montreal Canada,Solufab Inc. - Fabrication sur mesure et découpe laser clé en main,http://www.solufab.ca/,https://www.google.com/maps/place/Solufab+Inc.+-+Fabrication+sur+mesure+et+d%C3%A9coupe+laser+cl%C3%A9+en+main/data=!4m7!3m6!1s0x4cc93d32ffffffff:0x77f555278680e4d5!8m2!3d45.4941253!4d-73.7235946!16s%2Fg%2F11c6rwn_6v!19sChIJ_____zI9yUwR1eSAhidV9Xc
Metal Fabricators in Montreal Canada,Metalbec Inc.,https://www.metalbec.ca/?utm_source=google&utm_medium=wix_google_business_profile&utm_campaign=8414348822478514738,https://www.google.com/maps/place/Metalbec+Inc./data=!4m7!3m6!1s0x4cc919efaedd9ca5:0x55cd9c9233bd6e7e!8m2!3d45.49611!4d-73.66302!16s%2Fg%2F11lyhywg1c!19sChIJpZzdru8ZyUwRfm69M5KczVU
Metal Fabricators in Montreal Canada,J P Metal America,http://jpmaglobal.com/,https://www.google.com/maps/place/J+P+Metal+America/data=!4m7!3m6!1s0x4cc91fcad7a5795f:0xa0024d48b82d8c03!8m2!3d45.6187023!4d-73.5918811!16s%2Fg%2F1tk62r52!19sChIJX3ml18ofyUwRA4wtuEhNAqA
Metal Fabricators in Montreal Canada,Acier vulcan,http://aciervulcan.com/,https://www.google.com/maps/place/Acier+vulcan/data=!4m7!3m6!1s0x4cc93d009e49bb11:0x5a347e5a049963ee!8m2!3d45.4952005!4d-73.7502172!16s%2Fg%2F11mv5qcbmm!19sChIJEbtJngA9yUwR7mOZBFp-NFo
Metal Fabricators in Montreal Canada,Plimetal Inc,https://www.plimetalinc.com/,https://www.google.com/maps/place/Plimetal+Inc/data=!4m7!3m6!1s0x4cc8e1abc232ffa7:0x891f4e9fcc270874!8m2!3d45.6438713!4d-73.5413008!16s%2Fg%2F11h1y433nl!19sChIJp_8ywqvhyEwRdAgnzJ9OH4k
Metal Fabricators in Montreal Canada,Fabrication Rampes & Escaliers Prestige,http://www.aluminiumprestige.com/,https://www.google.com/maps/place/Fabrication+Rampes+%26+Escaliers+Prestige/data=!4m7!3m6!1s0x4cc91fa61964b713:0x8175ddd1e0def9ee!8m2!3d45.6439486!4d-73.5680987!16s%2Fg%2F1tjf9wvr!19sChIJE7dkGaYfyUwR7vne4NHddYE
Metal Fabricators in Montreal Canada,Metaltra Inc,https://www.metaltra.com/,https://www.google.com/maps/place/Metaltra+Inc/data=!4m7!3m6!1s0x4cc91e59acf8ea75:0xf63e007c988f832!8m2!3d45.5983838!4d-73.5868648!16s%2Fg%2F1tz95c5v!19sChIJder4rFkeyUwRMviIyQfgYw8
Metal Fabricators in Montreal Canada,Les Boitiers Custom Metal Inc,http://www.custom-metalinc.com/,https://www.google.com/maps/place/Les+Boitiers+Custom+Metal+Inc/data=!4m7!3m6!1s0x4cc917e4a031ee6f:0x83aee8509dad6cdd!8m2!3d45.4875963!4d-73.714992!16s%2Fg%2F11b7r6fypm!19sChIJb-4xoOQXyUwR3WytnVDoroM
Metal Fabricators in Montreal Canada,FX Lange Inc,http://fxlangeinc.com/,https://www.google.com/maps/place/FX+Lange+Inc/data=!4m7!3m6!1s0x4cc8e194f9959633:0x7623ec0379d54b5e!8m2!3d45.6482404!4d-73.5439421!16s%2Fg%2F1tf6rdkg!19sChIJM5aV-ZThyEwRXkvVeQPsI3Y
Metal Fabricators in Montreal Canada,Metal Roof Montreal,https://metalroofmontreal.ca/,https://www.google.com/maps/place/Metal+Roof+Montreal/data=!4m7!3m6!1s0x4cc91a441c2a0eb9:0xfd329938c3d5256c!8m2!3d45.4818827!4d-73.709706!16s%2Fg%2F11jdwf2x23!19sChIJuQ4qHEQayUwRbCXVwziZMv0
Metal Fabricators in Montreal Canada,Artmetco,http://www.artmetco.com/,https://www.google.com/maps/place/Artmetco/data=!4m7!3m6!1s0x4cc93d4e828f0011:0xd18142d7927347fd!8m2!3d45.4972389!4d-73.7336275!16s%2Fg%2F1w9y0qpf!19sChIJEQCPgk49yUwR_UdzktdCgdE
Metal Fabricators in Montreal Canada,United Welding Processes (Can) Inc.,http://www.uwp.ca/,https://www.google.com/maps/place/United+Welding+Processes+%28Can%29+Inc./data=!4m7!3m6!1s0x4cc91f0e89fe06bd:0xf6e7a680b8685e26!8m2!3d45.5945144!4d-73.6247009!16s%2Fg%2F1wc47l8x!19sChIJvQb-iQ4fyUwRJl5ouICm5_Y
Metal Fabricators in Montreal Canada,Arrebeuri atelier,http://arrebeuri.ca/,https://www.google.com/maps/place/Arrebeuri+atelier/data=!4m7!3m6!1s0x4cc919e7d3195e05:0xbee75db2987b71ff!8m2!3d45.5406758!4d-73.5812195!16s%2Fg%2F11fghwync6!19sChIJBV4Z0-cZyUwR_3F7mLJd574
Metal Fabricators in Montreal Canada,Formetal,http://www.formetal.qc.ca/,https://www.google.com/maps/place/Formetal/data=!4m7!3m6!1s0x4cc91a7c371469d7:0x2a355e28d6f836df!8m2!3d45.4818904!4d-73.5503792!16s%2Fg%2F1td1phcj!19sChIJ12kUN3wayUwR3zb41iheNSo
Metal Fabricators in Montreal Canada,Inox-Fab,http://inoxfab.com/,https://www.google.com/maps/place/Inox-Fab/data=!4m7!3m6!1s0x4cc90db7a5df48f3:0x7306bca0ac5768cf!8m2!3d45.3730563!4d-73.5327984!16s%2Fg%2F1tftqq33!19sChIJ80jfpbcNyUwRz2hXrKC8BnM
Metal Fabricators in Montreal Canada,Usinage/Fabrication/Soudage Senfab inc.,https://www.senfab.com/,https://www.google.com/maps/place/Usinage%2FFabrication%2FSoudage+Senfab+inc./data=!4m7!3m6!1s0x4cc91fe4066552af:0x87fd2af91219e850!8m2!3d45.5670112!4d-73.6225108!16s%2Fg%2F11fqphj4np!19sChIJr1JlBuQfyUwRUOgZEvkq_Yc
Metal Fabricators in Montreal Canada,Adlib Metal Inc,http://adlibmetal.com/contact-us/,https://www.google.com/maps/place/Adlib+Metal+Inc/data=!4m7!3m6!1s0x4cc93c7b578b3f3f:0x67e6feb7f257d770!8m2!3d45.4706306!4d-73.8255308!16s%2Fg%2F1tfptwzs!19sChIJPz-LV3s8yUwRcNdX8rf-5mc
Metal Fabricators in Montreal Canada,Kempas,http://kempas.ca/,https://www.google.com/maps/place/Kempas/data=!4m7!3m6!1s0x4cc91b0008a4c3c3:0xc91da74247e393f5!8m2!3d45.5392227!4d-73.5566076!16s%2Fg%2F11m_7b94q5!19sChIJw8OkCAAbyUwR9ZPjR0KnHck
Metal Fabricators in Montreal Canada,Metautek,http://metautek.com/,https://www.google.com/maps/place/Metautek/data=!4m7!3m6!1s0x4ccf2c7e60e93765:0x992e0923e09b7e6f!8m2!3d45.6763029!4d-74.0346738!16s%2Fg%2F1thz18_p!19sChIJZTfpYH4sz0wRb36b4CMJLpk
Metal Fabricators in Montreal Canada,GG Steel Consultants Inc. (Steel Structure Detailing & Connection Design),http://www.ggsteel.ca/,https://www.google.com/maps/place/GG+Steel+Consultants+Inc.+%28Steel+Structure+Detailing+%26+Connection+Design%29/data=!4m7!3m6!1s0x4cc9186cd162325d:0xf454ab2bd4513b8a!8m2!3d45.5142995!4d-73.6887186!16s%2Fg%2F11c6zypy5d!19sChIJXTJi0WwYyUwRijtR1CurVPQ
Metal Fabricators in Montreal Canada,Federal Steel Equipment,http://www.federalsteel.ca/,https://www.google.com/maps/place/Federal+Steel+Equipment/data=!4m7!3m6!1s0x4cc916ed91b1a055:0x25f4359a9b7f9fcd!8m2!3d45.4386414!4d-73.6820528!16s%2Fg%2F1tgyw9y2!19sChIJVaCxke0WyUwRzZ9_m5o19CU
Metal Fabricators in Montreal Canada,Soudure St-Louis,http://www.soudurestlouis.ca/,https://www.google.com/maps/place/Soudure+St-Louis/data=!4m7!3m6!1s0x4cc91fd7a1c46581:0x1a1757bdec61a5d6!8m2!3d45.5650155!4d-73.661499!16s%2Fg%2F11j4vnqv21!19sChIJgWXEodcfyUwR1qVh7L1XFxo
Metal Fabricators in Montreal Canada,Del Metal,https://www.delmetals.com/fr/,https://www.google.com/maps/place/Del+Metal/data=!4m7!3m6!1s0x4cc916c68d35a2eb:0x2046824416e1abba!8m2!3d45.4362109!4d-73.6608339!16s%2Fg%2F1tdqzb6r!19sChIJ66I1jcYWyUwRuqvhFkSCRiA
Metal Fabricators in Montreal Canada,B H METAL,https://www.bhmetal.ca/,https://www.google.com/maps/place/B+H+METAL/data=!4m7!3m6!1s0x4cc91333e5d00ead:0x3997aa0f49a3d9af!8m2!3d45.3992338!4d-73.6014073!16s%2Fg%2F11svkdfvht!19sChIJrQ7Q5TMTyUwRr9mjSQ-qlzk
Metal Fabricators in Montreal Canada,Industrie L,https://www.industrie-l.ca/,https://www.google.com/maps/place/Industrie+L/data=!4m7!3m6!1s0x4cc91cda910e9c0d:0xc9b72096e3e4a2f2!8m2!3d45.5709303!4d-73.4724684!16s%2Fg%2F11cs2hcfjh!19sChIJDZwOkdocyUwR8qLk45Ygt8k
Metal Fabricators in Montreal Canada,Diversified Metals,http://www.diversified-metals.ca/,https://www.google.com/maps/place/Diversified+Metals/data=!4m7!3m6!1s0x4cc93cf97ead77df:0xa7b8f9b980e35335!8m2!3d45.475151!4d-73.7907944!16s%2Fg%2F1v_w1_2k!19sChIJ33etfvk8yUwRNVPjgLn5uKc
Metal Fabricators in Montreal Canada,Industrie Lemieux,http://www.indlemieux.com/?utm_source=google&utm_medium=organic&utm_campaign=gbp-listing,https://www.google.com/maps/place/Industrie+Lemieux/data=!4m7!3m6!1s0x4cc9031781596171:0xa9957da50392ea9c!8m2!3d45.5630201!4d-73.432856!16s%2Fg%2F1tm0bf4m!19sChIJcWFZgRcDyUwRnOqSA6V9lak
Metal Fabricators in Montreal Canada,Groupe GMW,http://www.gmw.ca/?utm_source=google&utm_medium=wix_google_business_profile&utm_campaign=5782101536825953782,https://www.google.com/maps/place/Groupe+GMW/data=!4m7!3m6!1s0x4cc916de2b6b2f6b:0xd195d19460d7f774!8m2!3d45.4201405!4d-73.9238959!16s%2Fg%2F1wg5xmf1!19sChIJay9rK94WyUwRdPfXYJTRldE
Metal Fabricators in Montreal Canada,Summa Metal Architectural & Structural,http://www.summametal.com/,https://www.google.com/maps/place/Summa+Metal+Architectural+%26+Structural/data=!4m7!3m6!1s0x4cc928e3a9e0fbf1:0xc2d8439a399c28f7!8m2!3d45.7254879!4d-73.69806!16s%2Fg%2F1260dk_bd!19sChIJ8fvgqeMoyUwR9yicOZpD2MI
Metal Fabricators in Montreal Canada,Acier AGF Inc. 🇨🇦,http://www.groupeagf.com/,https://www.google.com/maps/place/Acier+AGF+Inc.+%F0%9F%87%A8%F0%9F%87%A6/data=!4m7!3m6!1s0x4cc91cd01922c8b1:0xd025d3982366c362!8m2!3d45.5702218!4d-73.469411!16s%2Fg%2F1vxz96_n!19sChIJscgiGdAcyUwRYsNmI5jTJdA
Metal Fabricators in Montreal Canada,ATS Containers,https://www.atscontainers.com/,https://www.google.com/maps/place/ATS+Containers/data=!4m7!3m6!1s0x4cc910c6bba0f489:0x5eabb71a0444c6a1!8m2!3d45.4597255!4d-73.611735!16s%2Fg%2F1tl7nb7k!19sChIJifSgu8YQyUwRocZEBBq3q14
Metal Fabricators in Montreal Canada,Nash Industries Ltd,http://www.nashindustries.ca/,https://www.google.com/maps/place/Nash+Industries+Ltd/data=!4m7!3m6!1s0x4cc93d3755dbce41:0x1dc6e4df8af12bbd!8m2!3d45.4940458!4d-73.7508335!16s%2Fg%2F1wn_5qwk!19sChIJQc7bVTc9yUwRvSvxit_kxh0
Metal Fabricators in Montreal Canada,FG Metal,http://www.fgmetal.com/,https://www.google.com/maps/place/FG+Metal/data=!4m7!3m6!1s0x4cc91e58eed954e5:0x63c0e9db0463e5fb!8m2!3d45.5971695!4d-73.5858567!16s%2Fg%2F1v3kh3gg!19sChIJ5VTZ7lgeyUwR--VjBNvpwGM
Metal Fabricators in Montreal Canada,Metaux Boni Canada Inc,https://www.bonusmetal.com/,https://www.google.com/maps/place/Metaux+Boni+Canada+Inc/data=!4m7!3m6!1s0x4cc91f16cdaf0b13:0xed71e7f02dc6ff25!8m2!3d45.5871169!4d-73.6274616!16s%2Fg%2F1tctx58n!19sChIJEwuvzRYfyUwRJf_GLfDnce0
Metal Fabricators in Montreal Canada,Maintenance Industries Meca-Fab inc.,https://www.meca-fab.com/,https://www.google.com/maps/place/Maintenance+Industries+Meca-Fab+inc./data=!4m7!3m6!1s0x4cc9217f13c4cdb9:0x4637e2f238b73b8b!8m2!3d45.5171469!4d-73.3664147!16s%2Fg%2F1wk6zcw5!19sChIJuc3EE38hyUwRizu3OPLiN0Y
Metal Fabricators in Montreal Canada,Precifab Inc,http://www.precifab.ca/,https://www.google.com/maps/place/Precifab+Inc/data=!4m7!3m6!1s0x4cc917e27114f70f:0x68148fce1c7658a1!8m2!3d45.4867045!4d-73.7228021!16s%2Fg%2F1ty73ws4!19sChIJD_cUceIXyUwRoVh2HM6PFGg
Metal Fabricators in Montreal Canada,Tavis Software inc,http://www.tavis.ca/,https://www.google.com/maps/place/Tavis+Software+inc/data=!4m7!3m6!1s0x4cc93949124901fd:0xca8f900fcb290b5!8m2!3d45.427582!4d-73.8717954!16s%2Fg%2F11byl5bddz!19sChIJ_QFJEkk5yUwRtZCy_AD5qAw
Metal Fabricators in Montreal Canada,Ganotec - Muga Fab,https://www.ganotec.com/?lang=fr,https://www.google.com/maps/place/Ganotec+-+Muga+Fab/data=!4m7!3m6!1s0x4cc8e188fa264dfb:0xa1081f04bf61d5cd!8m2!3d45.6517912!4d-73.519484!16s%2Fg%2F1tcw7szt!19sChIJ-00m-ojhyEwRzdVhvwQfCKE
Metal Fabricators in Montreal Canada,Metalware Corporation,http://metalware.ca/,https://www.google.com/maps/place/Metalware+Corporation/data=!4m7!3m6!1s0x4cc910bfd6d8dcbd:0x4b9c3758536f4604!8m2!3d45.4642429!4d-73.6019113!16s%2Fg%2F1vbl7603!19sChIJvdzY1r8QyUwRBEZvU1g3nEs
Metal Fabricators in Montreal Canada,Titanium Industries Centre De Service Centre,https://titanium.com/,https://www.google.com/maps/place/Titanium+Industries+Centre+De+Service+Centre/data=!4m7!3m6!1s0x4cc917bef15189b5:0x5a9354450561e689!8m2!3d45.4739298!4d-73.6984622!16s%2Fg%2F1tcz7yq4!19sChIJtYlR8b4XyUwRieZhBUVUk1o
Metal Fabricators in Montreal Canada,Manara Corp,https://manaracorp.com/,https://www.google.com/maps/place/Manara+Corp/data=!4m7!3m6!1s0x4cc917772a36d6df:0x9c9883175b5f8fdc!8m2!3d45.4501059!4d-73.6795584!16s%2Fg%2F11kqxtb899!19sChIJ39Y2KncXyUwR3I9fWxeDmJw
Metal Fabricators in Montreal Canada,PacoMetal,https://pacometal.ca/,https://www.google.com/maps/place/PacoMetal/data=!4m7!3m6!1s0x2ec59ef912bd1037:0x2bb2198b9d446854!8m2!3d45.4413673!4d-73.6315142!16s%2Fg%2F11s_zydspb!19sChIJNxC9EvmexS4RVGhEnYsZsis
Metal Fabricators in Montreal Canada,Monmetal,http://www.monmetal.ca/,https://www.google.com/maps/place/Monmetal/data=!4m7!3m6!1s0x4cc93d552aa8d5cd:0x8cc5e00c3c273c80!8m2!3d45.4921078!4d-73.7226453!16s%2Fg%2F11j4drrk52!19sChIJzdWoKlU9yUwRgDwnPAzgxYw
Metal Fabricators in Montreal Canada,Nord-Est Metal Inc,http://www.nord-estmetal.com/,https://www.google.com/maps/place/Nord-Est+Metal+Inc/data=!4m7!3m6!1s0x4cc91fca383cc501:0x192bb83f17f1e930!8m2!3d45.6210436!4d-73.5995416!16s%2Fg%2F11b76ts3q1!19sChIJAcU8OMofyUwRMOnxFz-4Kxk
Metal Fabricators in Montreal Canada,Murphco Métal en Feuille,https://www.produitsmurphco.com/,https://www.google.com/maps/place/Murphco+M%C3%A9tal+en+Feuille/data=!4m7!3m6!1s0x4cc9108e31f63ab5:0xe7b5f3a848697c4b!8m2!3d45.4670418!4d-73.5857403!16s%2Fg%2F1tg34v3f!19sChIJtTr2MY4QyUwRS3xpSKjztec
Metal Fabricators in Montreal Canada,Acier Lachine Inc,https://www.acierlachine.com/,https://www.google.com/maps/place/Acier+Lachine+Inc/data=!4m7!3m6!1s0x4cc916fb5010b775:0xcb99f4788843734f!8m2!3d45.4484056!4d-73.6782005!16s%2Fg%2F1tl4cn42!19sChIJdbcQUPsWyUwRT3NDiHj0mcs
Metal Fabricators in Montreal Canada,Fuzion Metal,http://www.fuzionmetal.com/,https://www.google.com/maps/place/Fuzion+Metal/data=!4m7!3m6!1s0x4cc91f82aaa8bba9:0x1c4373d5aa10e98f!8m2!3d45.6207453!4d-73.5955922!16s%2Fg%2F11sb06dscr!19sChIJqbuoqoIfyUwRj-kQqtVzQxw
Metal Fabricators in Montreal Canada,Satellite Metal Inc,http://www.satellitemetal.com/,https://www.google.com/maps/place/Satellite+Metal+Inc/data=!4m7!3m6!1s0x4cc9185a0b171ef7:0xd373c6bfac360ad4!8m2!3d45.5240471!4d-73.6603907!16s%2Fg%2F1vgqcq5p!19sChIJ9x4XC1oYyUwR1Ao2rL_Gc9M
Metal Fabricators in Montreal Canada,"Métaux Ouvrés St-Michel Inc.,",http://metauxouvres.ca/,"https://www.google.com/maps/place/M%C3%A9taux+Ouvr%C3%A9s+St-Michel+Inc.,/data=!4m7!3m6!1s0x4cc91fb70c2ae865:0x59cfbe684270c422!8m2!3d45.6106267!4d-73.6030649!16s%2Fg%2F11fm72sd9g!19sChIJZegqDLcfyUwRIsRwQmi-z1k"
Metal Fabricators in Montreal Canada,Les Industries D'Acier Sabec Inc,https://www.aciersabec.ca/?utm_medium=referral&utm_source=gmb&utm_campaign=lnk-gmb,https://www.google.com/maps/place/Les+Industries+D%27Acier+Sabec+Inc/data=!4m7!3m6!1s0x4cc8e18b1cca2bc3:0xfcc3dca6f024499a!8m2!3d45.6468472!4d-73.5236327!16s%2Fg%2F1tcvz0nr!19sChIJwyvKHIvhyEwRmkkk8Kbcw_w
Metal Fabricators in Montreal Canada,Rapido Métal Inc,http://www.rapidometal.com/,https://www.google.com/maps/place/Rapido+M%C3%A9tal+Inc/data=!4m7!3m6!1s0x4cc8e1ce3b92b0fb:0x9268f00d2e452a5c!8m2!3d45.6424186!4d-73.5680591!16s%2Fg%2F1tfk_ttt!19sChIJ-7CSO87hyEwRXCpFLg3waJI
Metal Fabricators in Montreal Canada,Werner Metals Inc,http://wernermetals.com/,https://www.google.com/maps/place/Werner+Metals+Inc/data=!4m7!3m6!1s0x4cc93c6d258e913d:0xbe7cda775155549!8m2!3d45.4581657!4d-73.8295225!16s%2Fg%2F1tglmj8x!19sChIJPZGOJW08yUwRSVUVdafN5ws
Metal Fabricators in Montreal Canada,Pacific Steel Inc.,http://www.pacificsteel.ca/,https://www.google.com/maps/place/Pacific+Steel+Inc./data=!4m7!3m6!1s0x4cc9217e9e9a9539:0x8914cebf4b3db9b8!8m2!3d45.5809368!4d-73.7270464!16s%2Fg%2F1td1phf0!19sChIJOZWann4hyUwRuLk9S7_OFIk
Metal Fabricators in Montreal Canada,Artisan De L Acier inc.,http://www.artisanacier.ca/,https://www.google.com/maps/place/Artisan+De+L+Acier+inc./data=!4m7!3m6!1s0x4cc91089114c651b:0x99ddca747af8d787!8m2!3d45.4664684!4d-73.5872904!16s%2Fg%2F1tn05dwr!19sChIJG2VMEYkQyUwRh9f4enTK3Zk
Metal Fabricators in Montreal Canada,Canada Custom Metal,https://canadacustommetal.com/about-us/,https://www.google.com/maps/place/Canada+Custom+Metal/data=!4m7!3m6!1s0x4cc90db0821f1933:0xc176d43c0f74fa49!8m2!3d45.3687689!4d-73.5375755!16s%2Fg%2F11vch2jh47!19sChIJMxkfgrANyUwRSfp0DzzUdsE
Metal Fabricators in Montreal Canada,LESPACEMAKER,https://lespacemaker.com/fr/,https://www.google.com/maps/place/LESPACEMAKER/data=!4m7!3m6!1s0x4cc91b408685da59:0x186ec52a1fb8229f!8m2!3d45.539221!4d-73.556652!16s%2Fg%2F11h1yw0h4g!19sChIJWdqFhkAbyUwRnyK4HyrFbhg
Metal Fabricators in Montreal Canada,Metal-Tech Production,http://metaltechroofing.ca/,https://www.google.com/maps/place/Metal-Tech+Production/data=!4m7!3m6!1s0x4cc917e8e88db585:0xf6e3eeb94af93d71!8m2!3d45.4818827!4d-73.709706!16s%2Fg%2F11f15bkt15!19sChIJhbWN6OgXyUwRcT35Srnu4_Y
Metal Fabricators in Montreal Canada,WELDWORX Welding Services,https://www.weldworx.ca/,https://www.google.com/maps/place/WELDWORX+Welding+Services/data=!4m7!3m6!1s0x4cc93dfd1b13e437:0x684d3a403cfc3ad!8m2!3d45.496143!4d-73.7075543!16s%2Fg%2F11p5mgtj8s!19sChIJN-QTG_09yUwRrcPPA6TThAY
Metal Fabricators in Montreal Canada,Ti-Titanium Ltd,https://www.tifab.com/,https://www.google.com/maps/place/Ti-Titanium+Ltd/data=!4m7!3m6!1s0x4cc93d48d8beb533:0x367a951b6359b5c0!8m2!3d45.4950199!4d-73.7393296!16s%2Fg%2F1tds69zr!19sChIJM7W-2Eg9yUwRwLVZYxuVejY
Metal Fabricators in Montreal Canada,Electron Metal Inc.,http://electronmetal.ca/,https://www.google.com/maps/place/Electron+Metal+Inc./data=!4m7!3m6!1s0x4cc921577fca147f:0xbdce11878d13bd7f!8m2!3d45.5844318!4d-73.7601927!16s%2Fg%2F11b6b6lx9z!19sChIJfxTKf1chyUwRf70TjYcRzr0
Metal Fabricators in Montreal Canada,Industries V M Inc (Les),https://industriesvm.com/,https://www.google.com/maps/place/Industries+V+M+Inc+%28Les%29/data=!4m7!3m6!1s0x4cc91cc67f6609f7:0x7229d44953c286e9!8m2!3d45.5651019!4d-73.4780432!16s%2Fg%2F1tf652ns!19sChIJ9wlmf8YcyUwR6YbCU0nUKXI
Metal Fabricators in Montreal Canada,Les Entreprises Lanthier & Papineau Inc,http://www.lanpap.com/,https://www.google.com/maps/place/Les+Entreprises+Lanthier+%26+Papineau+Inc/data=!4m7!3m6!1s0x4cc8e69083859807:0xd91a754b7110e51f!8m2!3d45.7241244!4d-73.4888051!16s%2Fg%2F1tf652jf!19sChIJB5iFg5DmyEwRH-UQcUt1Gtk
Metal Fabricators in Montreal Canada,NickelFab,http://www.nickelfab.ca/,https://www.google.com/maps/place/NickelFab/data=!4m7!3m6!1s0x4cc8d546933c19ab:0xd25195c40f983420!8m2!3d45.7150491!4d-73.9366264!16s%2Fg%2F11j0bkcf4h!19sChIJqxk8k0bVyEwRIDSYD8SVUdI
Metal Fabricators in Montreal Canada,SPB FAB,http://www.spbfab.com/,https://www.google.com/maps/place/SPB+FAB/data=!4m7!3m6!1s0x4ccf2d9ea299ab63:0xdd81c5f5ecdd260b!8m2!3d45.7366006!4d-74.0005024!16s%2Fg%2F11pyb913y4!19sChIJY6uZop4tz0wRCybd7PXFgd0
Metal Fabricators in Montreal Canada,Acier Cartier - Usine,https://www.cartiersteel.com/,https://www.google.com/maps/place/Acier+Cartier+-+Usine/data=!4m7!3m6!1s0x4cc92fa33a93cfa9:0x86586b96169800d7!8m2!3d45.5586226!4d-73.9253746!16s%2Fg%2F1vcjlwdm!19sChIJqc-TOqMvyUwR1wCYFpZrWIY
Metal Fabricators in Montreal Canada,Acier Ferfab Inc,http://www.acierferfab.ca/,https://www.google.com/maps/place/Acier+Ferfab+Inc/data=!4m7!3m6!1s0x4cc9302f03b659e1:0x7945b2e27fd9f405!8m2!3d45.5269935!4d-73.9546629!16s%2Fg%2F1tfbshpj!19sChIJ4Vm2Ay8wyUwRBfTZf-KyRXk
Metal Fabricators in Montreal Canada,GFI,http://gfi.ca/,https://www.google.com/maps/place/GFI/data=!4m7!3m6!1s0x4cc93c6293000001:0x750605f7f6082beb!8m2!3d45.4740182!4d-73.8206231!16s%2Fg%2F11vpl4xnv4!19sChIJAQAAk2I8yUwR6ysI9vcFBnU
Metal Fabricators in Montreal Canada,Wrought Iron Montreal,https://ferforgemontreal.ca/,https://www.google.com/maps/place/Wrought+Iron+Montreal/data=!4m7!3m6!1s0x4cc91bd703592189:0x5074b3efc2ee2652!8m2!3d45.4883921!4d-73.5828163!16s%2Fg%2F11bc7f1h6_!19sChIJiSFZA9cbyUwRUibuwu-zdFA
Metal Fabricators in Montreal Canada,Métaux T R D M Inc,http://www.metauxtrdm.com/,https://www.google.com/maps/place/M%C3%A9taux+T+R+D+M+Inc/data=!4m7!3m6!1s0x4cc9188369a4988b:0xf2525034b1f1e69c!8m2!3d45.5411026!4d-73.6847511!16s%2Fg%2F1tgfw7dr!19sChIJi5ikaYMYyUwRnObxsTRQUvI
Metal Fabricators in Montreal Canada,M&B Métalliers Inc,http://mbmetalliers.com/,https://www.google.com/maps/place/M%26B+M%C3%A9talliers+Inc/data=!4m7!3m6!1s0x4cc9108564dbd43d:0xba5bd648933b18dd!8m2!3d45.4692063!4d-73.5820427!16s%2Fg%2F11g6rpwjvx!19sChIJPdTbZIUQyUwR3Rg7k0jWW7o
Metal Fabricators in Montreal Canada,Fablab Inc,http://www.fablabinc.com/,https://www.google.com/maps/place/Fablab+Inc/data=!4m7!3m6!1s0x4cc9195f70dc9d3b:0x79eef8d80d3505c7!8m2!3d45.5402111!4d-73.5842174!16s%2Fg%2F1tvq3r4b!19sChIJO53ccF8ZyUwRxwU1Ddj47nk
Metal Fabricators in Montreal Canada,FORCESINOX,http://www.forcesinox.ca/?utm_medium=referral&utm_source=gmb&utm_campaign=lnk-gmb,https://www.google.com/maps/place/FORCESINOX/data=!4m7!3m6!1s0x4cc929e744e5a051:0x3dbbffb0069168e2!8m2!3d45.6711366!4d-73.8993888!16s%2Fg%2F11pws6g92q!19sChIJUaDlROcpyUwR4miRBrD_uz0
Metal Fabricators in Montreal Canada,Cff Stainless Steels Inc,https://cffstainless.com/,https://www.google.com/maps/place/Cff+Stainless+Steels+Inc/data=!4m7!3m6!1s0x4cc93d4a27674add:0xd7d5f70d82169c54!8m2!3d45.4970306!4d-73.7400829!16s%2Fg%2F1thr6svp!19sChIJ3UpnJ0o9yUwRVJwWgg331dc
Metal Fabricators in Montreal Canada,METAL ARTECH INC,http://metalartech.com/,https://www.google.com/maps/place/METAL+ARTECH+INC/data=!4m7!3m6!1s0x4cc91f3a6ac64673:0x2359782cfb5b0b8d!8m2!3d45.5749406!4d-73.6352919!16s%2Fg%2F11h37ltjdq!19sChIJc0bGajofyUwRjQtb-yx4WSM
Metal Fabricators in Montreal Canada,Les Entreprises Fabexp,https://fabexp.ca/,https://www.google.com/maps/place/Les+Entreprises+Fabexp/data=!4m7!3m6!1s0x4cc901e993b14535:0x196451d4b51124a1!8m2!3d45.5806334!4d-73.3200608!16s%2Fg%2F11b5pjcdh8!19sChIJNUWxk-kByUwRoSQRtdRRZBk
Metal Fabricators in Montreal Canada,Expo Ornemental Inc.,https://www.expoornemental.com/,https://www.google.com/maps/place/Expo+Ornemental+Inc./data=!4m7!3m6!1s0x4cc8e1c4245db57f:0xf916d1ae2ce1d6f6!8m2!3d45.6444634!4d-73.5579541!16s%2Fg%2F11cndb9821!19sChIJf7VdJMThyEwR9tbhLK7RFvk
Metal Fabricators in Montreal Canada,Fab Expert Inc,http://www.fab-expert.com/,https://www.google.com/maps/place/Fab+Expert+Inc/data=!4m7!3m6!1s0x4cc916346e5164f5:0x11000dce2a129a2b!8m2!3d45.4611537!4d-73.7210207!16s%2Fg%2F1tctr8hr!19sChIJ9WRRbjQWyUwRK5oSKs4NABE
Metal Fabricators in Montreal Canada,Nordic Structures,http://nordic.ca/,https://www.google.com/maps/place/Nordic+Structures/data=!4m7!3m6!1s0x4cc91a5ca17cc263:0x9b658c29d9bebf91!8m2!3d45.4972725!4d-73.5682023!16s%2Fg%2F11b5wmckns!19sChIJY8J8oVwayUwRkb--2SmMZZs
Metal Fabricators in Montreal Canada,Les Ateliers Fabtech,https://www.ateliersfabtech.ca/,https://www.google.com/maps/place/Les+Ateliers+Fabtech/data=!4m7!3m6!1s0x4cc921775149ed13:0xc38bdcc9694252d4!8m2!3d45.5874985!4d-73.7236699!16s%2Fg%2F11b5wlfyd3!19sChIJE-1JUXchyUwR1FJCacnci8M
Metal Fabricators in Montreal Canada,Atelier d'Usinage Valmont Inc,https://valmontmetal.com/pages/contact,https://www.google.com/maps/place/Atelier+d%27Usinage+Valmont+Inc/data=!4m7!3m6!1s0x4cc8e1d77cd97b59:0x29c6397cf7138109!8m2!3d45.635567!4d-73.568275!16s%2Fg%2F11t5_9_z5v!19sChIJWXvZfNfhyEwRCYET93w5xik
Metal Fabricators in Montreal Canada,Qualité Fab inc,https://www.qualitefab.ca/,https://www.google.com/maps/place/Qualit%C3%A9+Fab+inc/data=!4m7!3m6!1s0x4cc92119c5e4e4c1:0xd4cef42c83f03463!8m2!3d45.6163571!4d-73.6643714!16s%2Fg%2F11lp6bzjvc!19sChIJweTkxRkhyUwRYzTwgyz0ztQ
Metal Fabricators in Montreal Canada,SBSA Experts-Conseils en Structure,https://sbsa.ca/,https://www.google.com/maps/place/SBSA+Experts-Conseils+en+Structure/data=!4m7!3m6!1s0x4cc92299439261d9:0x3ce95e2071dede54!8m2!3d45.5211398!4d-73.7106068!16s%2Fg%2F1hc1nw1bt!19sChIJ2WGSQ5kiyUwRVN7ecSBe6Tw
Metal Fabricators in Montreal Canada,Groupe ADF,https://adfgroup.com/,https://www.google.com/maps/place/Groupe+ADF/data=!4m7!3m6!1s0x8788922d06136aa7:0x7deb75d189483922!8m2!3d45.6852439!4d-73.762467!16s%2Fg%2F11whmyl7ty!19sChIJp2oTBi2SiIcRIjlIidF1630
Metal Fabricators in Montreal Canada,Geotech Precision inc.,http://www.geotechprecision.com/,https://www.google.com/maps/place/Geotech+Precision+inc./data=!4m7!3m6!1s0x4cc922b8817e0737:0xd22afbfdce05fbb9!8m2!3d45.5131409!4d-73.7329457!16s%2Fg%2F1thvgk98!19sChIJNwd-gbgiyUwRufsFzv37KtI
Metal Fabricators in Montreal Canada,Acier Bouchard Inc,http://www.acier-bouchard.qc.ca/,https://www.google.com/maps/place/Acier+Bouchard+Inc/data=!4m7!3m6!1s0x4cc906b683fdb98f:0x2648532f2806f787!8m2!3d45.517886!4d-73.3596815!16s%2Fg%2F1tk4qs5l!19sChIJj7n9g7YGyUwRh_cGKC9TSCY
Steel Manufacturers in Montreal Canada,Nova Steel - Structural Tube and Standard Pipe,http://www.novasteel.com/,https://www.google.com/maps/place/Nova+Steel+-+Structural+Tube+and+Standard+Pipe/data=!4m7!3m6!1s0x4cc910ea9a826135:0x870302b51eea7b54!8m2!3d45.4597091!4d-73.6030349!16s%2Fg%2F1vvr5v4h!19sChIJNWGCmuoQyUwRVHvqHrUCA4c
Steel Manufacturers in Montreal Canada,Acier Nova Inc,https://www.novasteel.ca/fr,https://www.google.com/maps/place/Acier+Nova+Inc/data=!4m7!3m6!1s0x4cc910e7c34ee0bb:0x251dbd9e9582b939!8m2!3d45.4537449!4d-73.6082113!16s%2Fg%2F1tm126nm!19sChIJu-BOw-cQyUwRObmClZ69HSU
Steel Manufacturers in Montreal Canada,Tata Steel Minerals Canada (TSMC),https://www.tatasteelcanada.com/,https://www.google.com/maps/place/Tata+Steel+Minerals+Canada+%28TSMC%29/data=!4m7!3m6!1s0x4cc91a46d84beb43:0x7cce1d390cae7170!8m2!3d45.5028466!4d-73.5752364!16s%2Fg%2F1hcb4fvh6!19sChIJQ-tL2EYayUwRcHGuDDkdznw
Steel Manufacturers in Montreal Canada,Acier inoxydable Pinacle Stainless Steel,https://www.pinacle.ca/,https://www.google.com/maps/place/Acier+inoxydable+Pinacle+Stainless+Steel/data=!4m7!3m6!1s0x4cc93d35f48c2e99:0x455bc65527c01156!8m2!3d45.5005697!4d-73.7401483!16s%2Fg%2F1tk22kb7!19sChIJmS6M9DU9yUwRVhHAJ1XGW0U
Steel Manufacturers in Montreal Canada,Vanguard Steel Ltd,http://vanguardsteel.com/,https://www.google.com/maps/place/Vanguard+Steel+Ltd/data=!4m7!3m6!1s0x4cc93d019c12c18b:0xed01f312e8e2c7fb!8m2!3d45.4737893!4d-73.7802246!16s%2Fg%2F1tdm3blv!19sChIJi8ESnAE9yUwR-8fi6BLzAe0
Steel Manufacturers in Montreal Canada,ASTOR Stainless Steel Products Inc.,http://www.astorssp.com/,https://www.google.com/maps/place/ASTOR+Stainless+Steel+Products+Inc./data=!4m7!3m6!1s0x4cc93c128ba5a389:0x812e38e880c3c8f6!8m2!3d45.5570161!4d-73.8151368!16s%2Fg%2F11bv39_3m_!19sChIJiaOlixI8yUwR9sjDgOg4LoE
Steel Manufacturers in Montreal Canada,Acier Wirth Steel,https://wirthsteel.com/,https://www.google.com/maps/place/Acier+Wirth+Steel/data=!4m7!3m6!1s0x4cc91a0d27fa4be3:0xb3000636413071ca!8m2!3d45.487425!4d-73.5872682!16s%2Fg%2F1thr6spx!19sChIJ40v6Jw0ayUwRynEwQTYGALM
Steel Manufacturers in Montreal Canada,RESISTALOY INC.,http://www.resistaloy.com/,https://www.google.com/maps/place/RESISTALOY+INC./data=!4m7!3m6!1s0x4cc917c9848dd7f5:0xf8853755066794a4!8m2!3d45.4537751!4d-73.7265108!16s%2Fg%2F1tdc9dzd!19sChIJ9deNhMkXyUwRpJRnBlU3hfg
Steel Manufacturers in Montreal Canada,pmb metal inc.,http://www.pmbmetal.com/,https://www.google.com/maps/place/pmb+metal+inc./data=!4m7!3m6!1s0x4cc91fb1a6c2cd1b:0xc1096434c4813241!8m2!3d45.6105788!4d-73.568187!16s%2Fg%2F1ttq1qs9!19sChIJG83CprEfyUwRQTKBxDRkCcE
Steel Manufacturers in Montreal Canada,Arcan Aluminium,http://www.arcanaluminium.com/,https://www.google.com/maps/place/Arcan+Aluminium/data=!4m7!3m6!1s0x4cc923a8c743fbdd:0xee32972e5933b48d!8m2!3d45.5466475!4d-73.752486!16s%2Fg%2F1tmpvlms!19sChIJ3ftDx6gjyUwRjbQzWS6XMu4
Steel Manufacturers in Montreal Canada,Acier Jolicoeur,http://acierjolicoeur.ca/,https://www.google.com/maps/place/Acier+Jolicoeur/data=!4m7!3m6!1s0x4cc92f19f47aabe5:0xc960ff58a9ea8cb4!8m2!3d45.5685777!4d-73.9183666!16s%2Fg%2F11lh4yvzm1!19sChIJ5at69BkvyUwRtIzqqVj_YMk
Steel Manufacturers in Montreal Canada,AG Métaux Concept,https://www.agmc.ca/,https://www.google.com/maps/place/AG+M%C3%A9taux+Concept/data=!4m7!3m6!1s0x4cc9215e18998d5b:0x433fa2cba8f81b97!8m2!3d45.5698932!4d-73.8121539!16s%2Fg%2F1tfchct4!19sChIJW42ZGF4hyUwRlxv4qMuiP0M
Steel Manufacturers in Montreal Canada,Arcelor Mittal Canada Inc,https://long-canada.arcelormittal.com/en/,https://www.google.com/maps/place/Arcelor+Mittal+Canada+Inc/data=!4m7!3m6!1s0x4cc910a6b3ad0ad9:0xd666d044dc46e048!8m2!3d45.4775598!4d-73.6007678!16s%2Fg%2F11b5wn6w_k!19sChIJ2Qqts6YQyUwRSOBG3ETQZtY
Steel Manufacturers in Montreal Canada,Steel Case Canada Ltd,https://www.steelcase.com/,https://www.google.com/maps/place/Steel+Case+Canada+Ltd/data=!4m7!3m6!1s0x4cc9108238d090c9:0x678247f434557825!8m2!3d45.4761906!4d-73.5756982!16s%2Fg%2F1hc5094sm!19sChIJyZDQOIIQyUwRJXhVNPRHgmc
Steel Manufacturers in Montreal Canada,Maksteel,https://www.maksteel.com/,https://www.google.com/maps/place/Maksteel/data=!4m7!3m6!1s0x4cc91133af162cd3:0xbabbf7ea857433b9!8m2!3d45.4368061!4d-73.6406604!16s%2Fg%2F1tpbbljw!19sChIJ0ywWrzMRyUwRuTN0her3u7o
Steel Manufacturers in Montreal Canada,"Team Tube, une Division de RMCL",http://www.teamtube.com/,"https://www.google.com/maps/place/Team+Tube,+une+Division+de+RMCL/data=!4m7!3m6!1s0x4cc92150b120ddd5:0x71d6a190d9e5928!8m2!3d45.5873887!4d-73.7582251!16s%2Fg%2F119v5zqqr!19sChIJ1d0gsVAhyUwRKFmeDRlqHQc"
Steel Manufacturers in Montreal Canada,Imperial Metal Services (anciennement Acier Pointe-Claire),http://www.imperialms.ca/,https://www.google.com/maps/place/Imperial+Metal+Services+%28anciennement+Acier+Pointe-Claire%29/data=!4m7!3m6!1s0x4cc93cf7e6549455:0xd0b4092dd13d103f!8m2!3d45.472659!4d-73.7988606!16s%2Fg%2F11b5wmvtz5!19sChIJVZRU5vc8yUwRPxA90S0JtNA
Steel Manufacturers in Montreal Canada,Nova Tube,https://www.novasteel.ca/,https://www.google.com/maps/place/Nova+Tube/data=!4m7!3m6!1s0x4cc9390e5eb58e9f:0x8083a80bb402281!8m2!3d45.4234446!4d-73.9083791!16s%2Fg%2F11crt6z2x7!19sChIJn461Xg45yUwRgSJAu4A6CAg
Steel Manufacturers in Montreal Canada,Inox-Tech Canada Inc,https://www.inox-tech.com/,https://www.google.com/maps/place/Inox-Tech+Canada+Inc/data=!4m7!3m6!1s0x4cc9123b48bdff77:0xd1371480df5c37d8!8m2!3d45.3935114!4d-73.6009755!16s%2Fg%2F1tfgp036!19sChIJd_-9SDsSyUwR2Ddc34AUN9E
Steel Manufacturers in Montreal Canada,Globe Metal,https://globemetal.com/,https://www.google.com/maps/place/Globe+Metal/data=!4m7!3m6!1s0x4cc90d891ecab84f:0x844c5635ff57d3ab!8m2!3d45.3969924!4d-73.5883017!16s%2Fg%2F1tvdjdk5!19sChIJT7jKHokNyUwRq9NX_zVWTIQ
Steel Manufacturers in Montreal Canada,Cresswell,http://www.cresswellindustries.com/,https://www.google.com/maps/place/Cresswell/data=!4m7!3m6!1s0x4cc904707f088db5:0xe44e11a4d313bde3!8m2!3d45.5237645!4d-73.4183197!16s%2Fg%2F11clyf2ght!19sChIJtY0If3AEyUwR470T06QRTuQ
Steel Manufacturers in Montreal Canada,Stainless Nation,https://stainlessnation.com/,https://www.google.com/maps/place/Stainless+Nation/data=!4m7!3m6!1s0x4cc90db0821f1933:0xce13a86e649c4ef1!8m2!3d45.3687665!4d-73.5375645!16s%2Fg%2F11rxbvv8q7!19sChIJMxkfgrANyUwR8U6cZG6oE84
Steel Manufacturers in Montreal Canada,Nova Steel,https://novasteel.ca/,https://www.google.com/maps/place/Nova+Steel/data=!4m7!3m6!1s0x4cc93ce3290b71a9:0x50e1e0f3d87276a6!8m2!3d45.4798825!4d-73.7838452!16s%2Fg%2F11ddwstt5z!19sChIJqXELKeM8yUwRpnZy2PPg4VA
Steel Manufacturers in Montreal Canada,Magna Stainless & Aluminum,http://www.magnastainless.com/,https://www.google.com/maps/place/Magna+Stainless+%26+Aluminum/data=!4m7!3m6!1s0x4cc93d2f3838bc49:0xbdf38dbb417faeec!8m2!3d45.499503!4d-73.7607067!16s%2Fg%2F1thvgkc7!19sChIJSbw4OC89yUwR7K5_QbuN870
Steel Manufacturers in Montreal Canada,Acier Century - Ventes,http://vente.aciercentury.com/,https://www.google.com/maps/place/Acier+Century+-+Ventes/data=!4m7!3m6!1s0x4cc916d1f0007c23:0xa9ef847996e81feb!8m2!3d45.4408025!4d-73.6502173!16s%2Fg%2F11b6p8vj8x!19sChIJI3wA8NEWyUwR6x_olnmE76k
Steel Manufacturers in Montreal Canada,Stealth Pipe and Steel,http://stealthpipeandsteel.com/,https://www.google.com/maps/place/Stealth+Pipe+and+Steel/data=!4m7!3m6!1s0x4cc918f6b8850dab:0xc470346819f8e92b!8m2!3d45.5007969!4d-73.6447801!16s%2Fg%2F11gfjw51g1!19sChIJqw2FuPYYyUwRK-n4GWg0cMQ
Steel Manufacturers in Montreal Canada,Corbec Inc. - Montreal plant,http://www.corbecgalv.com/,https://www.google.com/maps/place/Corbec+Inc.+-+Montreal+plant/data=!4m7!3m6!1s0x4cc916c38bb7e3f5:0x19ff94eaa248bc62!8m2!3d45.4397163!4d-73.6622923!16s%2Fg%2F11byfljwbq!19sChIJ9eO3i8MWyUwRYrxIouqU_xk
Steel Manufacturers in Montreal Canada,Les Métaux Cascadia,https://www.cmetals.com/,https://www.google.com/maps/place/Les+M%C3%A9taux+Cascadia/data=!4m7!3m6!1s0x4cc93de3e84c4e31:0xa5795e70426bbae6!8m2!3d45.4845684!4d-73.7735045!16s%2Fg%2F11x8hkbwg3!19sChIJMU5M6OM9yUwR5rprQnBeeaU
Steel Manufacturers in Montreal Canada,"Mister Stainless Steel, Inc.",https://mstainless.com/fr/,"https://www.google.com/maps/place/Mister+Stainless+Steel,+Inc./data=!4m7!3m6!1s0x4cc9215da25ebffd:0xf2d196b3fef64fe6!8m2!3d45.5870832!4d-73.7458419!16s%2Fg%2F1tdx_hsb!19sChIJ_b9eol0hyUwR5k_2_rOW0fI"
Steel Manufacturers in Montreal Canada,King Metal Industries,http://www.kingmetalindustries.ca/,https://www.google.com/maps/place/King+Metal+Industries/data=!4m7!3m6!1s0x4cc9aa911176adeb:0xe6da4cdb1a79e7a1!8m2!3d45.5258253!4d-73.6876977!16s%2Fg%2F11b5w88bcs!19sChIJ6612EZGqyUwRoed5GttM2uY
Steel Manufacturers in Montreal Canada,Anchor Danly Montréal,https://www.anchordanly.com/facilities/,https://www.google.com/maps/place/Anchor+Danly+Montr%C3%A9al/data=!4m7!3m6!1s0x4cc91b9a3dc62f43:0x4dfad693df760c7d!8m2!3d45.5369119!4d-73.5435868!16s%2Fg%2F1tdz4fyt!19sChIJQy_GPZobyUwRfQx235PW-k0
Steel Manufacturers in Montreal Canada,Albert Davidson Industries,https://www.adilaval.com/,https://www.google.com/maps/place/Albert+Davidson+Industries/data=!4m7!3m6!1s0x4cc924738ee8c73b:0x5693090acd27ab71!8m2!3d45.5651648!4d-73.7924146!16s%2Fg%2F11b5wny94z!19sChIJO8fojnMkyUwRcasnzQoJk1Y
Steel Manufacturers in Montreal Canada,Stel-Bec Produits D'Acier Ltée,http://www.acierformatech.com/,https://www.google.com/maps/place/Stel-Bec+Produits+D%27Acier+Lt%C3%A9e/data=!4m7!3m6!1s0x4cc8e1c8a0df08fb:0x96c1faaefc417b61!8m2!3d45.6468677!4d-73.561768!16s%2Fg%2F1tfm685d!19sChIJ-wjfoMjhyEwRYXtB_K76wZY
Steel Manufacturers in Montreal Canada,Montreal Steel Roofing,http://montrealsteelroofing.ca/,https://www.google.com/maps/place/Montreal+Steel+Roofing/data=!4m7!3m6!1s0x4cc93ded1ea44f7d:0xbc440c554e905d0!8m2!3d45.4489618!4d-73.8293738!16s%2Fg%2F11j58mqkzj!19sChIJfU-kHu09yUwR0AXpVMVAxAs
Steel Manufacturers in Montreal Canada,"Nucor Rebar Fabrication, une Division de Nucor Steel ULC",https://nucor.com/products/rebar-fabrication,"https://www.google.com/maps/place/Nucor+Rebar+Fabrication,+une+Division+de+Nucor+Steel+ULC/data=!4m7!3m6!1s0x4cc917fe34d3ee79:0xb3ebd34ef61eb83c!8m2!3d45.4959874!4d-73.715234!16s%2Fg%2F11c32ly4yn!19sChIJee7TNP4XyUwRPLge9k7T67M"
Steel Manufacturers in Montreal Canada,Carbec.ca,http://www.carbec.ca/,https://www.google.com/maps/place/Carbec.ca/data=!4m7!3m6!1s0x4cc91e2b325fc14d:0xe5197f8836f2dba9!8m2!3d45.6309163!4d-73.5838532!16s%2Fg%2F1hc0wtnqk!19sChIJTcFfMiseyUwRqdvyNoh_GeU
Steel Manufacturers in Montreal Canada,SUPERIOR STAINLESS STEEL INC,http://superiorstainlessmfg.com/,https://www.google.com/maps/place/SUPERIOR+STAINLESS+STEEL+INC/data=!4m7!3m6!1s0x4cc919804279d23d:0x9d213f93542f818!8m2!3d45.518337!4d-73.598269!16s%2Fg%2F11y4vcmbjz!19sChIJPdJ5QoAZyUwRGPhCNfkT0gk
Steel Manufacturers in Montreal Canada,B F Metal Canada Ltee,https://www.metalbf.ca/,https://www.google.com/maps/place/B+F+Metal+Canada+Ltee/data=!4m7!3m6!1s0x4cc8d945ff7c8e5f:0x68b5b2df78e485d7!8m2!3d45.7158984!4d-73.7085965!16s%2Fg%2F1tdxvmrz!19sChIJX458_0XZyEwR14XkeN-ytWg
Steel Manufacturers in Montreal Canada,Robert Mitchell Inc,http://www.robertmitchell.com/,https://www.google.com/maps/place/Robert+Mitchell+Inc/data=!4m7!3m6!1s0x4cc91839a2789977:0x44172690be45750c!8m2!3d45.5056214!4d-73.6718398!16s%2Fg%2F1tdy8pcb!19sChIJd5l4ojkYyUwRDHVFvpAmF0Q
Steel Manufacturers in Montreal Canada,AZZ - Montreal (Galvan Metal),http://www.azz.com/,https://www.google.com/maps/place/AZZ+-+Montreal+%28Galvan+Metal%29/data=!4m7!3m6!1s0x4cc8e1eb3d027951:0x62c88de5ae62fa55!8m2!3d45.6436655!4d-73.5378296!16s%2Fg%2F1tfcsvc6!19sChIJUXkCPevhyEwRVfpiruWNyGI
Steel Manufacturers in Montreal Canada,ATS Containers,https://www.atscontainers.com/,https://www.google.com/maps/place/ATS+Containers/data=!4m7!3m6!1s0x4cc910c37273917b:0xdbcc52666e7144a8!8m2!3d45.4562351!4d-73.611521!16s%2Fg%2F11g6lzk3c5!19sChIJe5FzcsMQyUwRqERxbmZSzNs
Steel Manufacturers in Montreal Canada,Fusion TG Canada,http://www.fusionsteel.com/,https://www.google.com/maps/place/Fusion+TG+Canada/data=!4m7!3m6!1s0x4cc91e14b602cacd:0x7162ec733b8bb06d!8m2!3d45.6006632!4d-73.5858604!16s%2Fg%2F12hmjtht8!19sChIJzcoCthQeyUwRbbCLO3PsYnE
Steel Manufacturers in Montreal Canada,Repoussage de metal spinning Pro-spin,http://www.pro-spin.ca/,https://www.google.com/maps/place/Repoussage+de+metal+spinning+Pro-spin/data=!4m7!3m6!1s0x4cc91c71e33c099d:0xd0e71543c59c04!8m2!3d45.5665173!4d-73.5391861!16s%2Fg%2F1vyxj0gw!19sChIJnQk843EcyUwRBJzFQxXn0AA
Steel Manufacturers in Montreal Canada,Lavo,http://www.lavo.ca/,https://www.google.com/maps/place/Lavo/data=!4m7!3m6!1s0x4cc8e197887163a7:0xac693d2d7a74c6a3!8m2!3d45.6578865!4d-73.5416717!16s%2Fg%2F1tf7m55l!19sChIJp2NxiJfhyEwRo8Z0ei09aaw
Steel Manufacturers in Montreal Canada,EMJ Metals,https://emjmetals.ca/fr,https://www.google.com/maps/place/EMJ+Metals/data=!4m7!3m6!1s0x4cc9203a0b81308b:0xd71fce969120940!8m2!3d45.7194408!4d-73.5990288!16s%2Fg%2F1v44dlb_!19sChIJizCBCzogyUwRQAkSaen8cQ0
Steel Manufacturers in Montreal Canada,LINCORA,https://www.lincora.com/,https://www.google.com/maps/place/LINCORA/data=!4m7!3m6!1s0x4cc91c44b2812565:0x2ee730fecc08b1c6!8m2!3d45.5727224!4d-73.5244806!16s%2Fg%2F11g9ml7tq8!19sChIJZSWBskQcyUwRxrEIzP4w5y4
Steel Manufacturers in Montreal Canada,Titan Equipement de Restaurant,https://www.titanrestaurantequipment.com/,https://www.google.com/maps/place/Titan+Equipement+de+Restaurant/data=!4m7!3m6!1s0x4cc9170424c89eb5:0xda3d3a1b7df59276!8m2!3d45.4674005!4d-73.6957526!16s%2Fg%2F11j0h88sgc!19sChIJtZ7IJAQXyUwRdpL1fRs6Pdo
Aluminum Manufacturers in Montreal Canada,HoMa Aluminium,https://www.facebook.com/homa.aluminium,https://www.google.com/maps/place/HoMa+Aluminium/data=!4m7!3m6!1s0x4cc91da3b8851b25:0x58c473c06ee06882!8m2!3d45.583633!4d-73.53126!16s%2Fg%2F11qh43f95m!19sChIJJRuFuKMdyUwRgmjgbsBzxFg
Aluminum Manufacturers in Montreal Canada,MAS Montreal Aluminium Solutions,http://www.masinc.ca/,https://www.google.com/maps/place/MAS+Montreal+Aluminium+Solutions/data=!4m7!3m6!1s0x4cc93d1f590ee531:0xd3bdccab5aab59c8!8m2!3d45.486833!4d-73.769871!16s%2Fg%2F11clw292dn!19sChIJMeUOWR89yUwRyFmrWqvMvdM
Aluminum Manufacturers in Montreal Canada,Hydro Aluminium Canada Inc,https://www.hydro.com/en/about-hydro/hydro-worldwide/canada/montreal/hydro-aluminium-canada-inc/,https://www.google.com/maps/place/Hydro+Aluminium+Canada+Inc/data=!4m7!3m6!1s0x4cc91a46bb5f3e29:0xe443144acef034f9!8m2!3d45.5026306!4d-73.5735681!16s%2Fg%2F1v9lbd4s!19sChIJKT5fu0YayUwR-TTwzkoUQ-Q
Aluminum Manufacturers in Montreal Canada,Alumico Architectural inc.,http://alumico.com/,https://www.google.com/maps/place/Alumico+Architectural+inc./data=!4m7!3m6!1s0x4cc91c74bc5a6afb:0x39b22d7cd4cd864a!8m2!3d45.555769!4d-73.5465606!16s%2Fg%2F1tdmk2p7!19sChIJ-2pavHQcyUwRSobN1Hwtsjk
Aluminum Manufacturers in Montreal Canada,Alu Composite Inc,http://www.alu-composite.com/,https://www.google.com/maps/place/Alu+Composite+Inc/data=!4m7!3m6!1s0x4cc91960eae51f7f:0xa7eb17c7d947c5bd!8m2!3d45.6346505!4d-73.568193!16s%2Fg%2F1tlnd1b3!19sChIJfx_l6mAZyUwRvcVH2ccX66c
Aluminum Manufacturers in Montreal Canada,Mondi Aluminum,http://www.mondialuminum.com/,https://www.google.com/maps/place/Mondi+Aluminum/data=!4m7!3m6!1s0x4cc91e525c6da331:0x1905f98922c2667c!8m2!3d45.604291!4d-73.593617!16s%2Fg%2F1tdvtylh!19sChIJMaNtXFIeyUwRfGbCIon5BRk
Aluminum Manufacturers in Montreal Canada,Aluminox Canada,https://aluminox.ca/,https://www.google.com/maps/place/Aluminox+Canada/data=!4m7!3m6!1s0x4cc9179bd63af7df:0x34d6b5fe624c54ef!8m2!3d46.1048659!4d-72.7041566!16s%2Fg%2F11vyw9gdn5!19sChIJ3_c61psXyUwR71RMYv611jQ
Aluminum Manufacturers in Montreal Canada,D.R. Design Inc,http://www.faztek.ca/,https://www.google.com/maps/place/D.R.+Design+Inc/data=!4m7!3m6!1s0x4cc93d9862bc1f9b:0x433e75b3b4713a1c!8m2!3d45.49462!4d-73.747976!16s%2Fg%2F11gntvqhl9!19sChIJmx-8Ypg9yUwRHDpxtLN1PkM
Aluminum Manufacturers in Montreal Canada,Aluminium L M G,http://www.aluminiumlmg.com/,https://www.google.com/maps/place/Aluminium+L+M+G/data=!4m7!3m6!1s0x4cc91fc91606e723:0xb01da59d7d3cb514!8m2!3d45.6204025!4d-73.5983727!16s%2Fg%2F1tyywq_m!19sChIJI-cGFskfyUwRFLU8fZ2lHbA
Aluminum Manufacturers in Montreal Canada,Aluminium Andre Gagnon,https://www.aluminiumandregagnon.com/,https://www.google.com/maps/place/Aluminium+Andre+Gagnon/data=!4m7!3m6!1s0x4cc8ce4e37e3d697:0x494c9dcffdcf0a39!8m2!3d45.852348!4d-73.7789873!16s%2Fg%2F1tcvbhpb!19sChIJl9bjN07OyEwROQrP_c-dTEk
Aluminum Manufacturers in Montreal Canada,Les Entreprises Allium Inc,http://www.allium.com/,https://www.google.com/maps/place/Les+Entreprises+Allium+Inc/data=!4m7!3m6!1s0x4cc91e6b4e48139b:0xd97d2c22956b90c0!8m2!3d45.6113231!4d-73.5625453!16s%2Fg%2F11b7t2rfzh!19sChIJmxNITmseyUwRwJBrlSIsfdk
Aluminum Manufacturers in Montreal Canada,Sinobec Trading Inc,http://www.sinobectrading.com/,https://www.google.com/maps/place/Sinobec+Trading+Inc/data=!4m7!3m6!1s0x4cc93d531cb39787:0x2aa1d788a4e929f6!8m2!3d45.5017499!4d-73.7387039!16s%2Fg%2F1tdpfthj!19sChIJh5ezHFM9yUwR9inppIjXoSo
Aluminum Manufacturers in Montreal Canada,Aluminium L Hawkins Inc,https://www.hawkins-portes-fenetres.ca/,https://www.google.com/maps/place/Aluminium+L+Hawkins+Inc/data=!4m7!3m6!1s0x4ccf759e63c8e7f5:0xa23dd822e4112d08!8m2!3d46.0608568!4d-74.2879028!16s%2Fg%2F1hc1q6psk!19sChIJ9efIY551z0wRCC0R5CLYPaI
Aluminum Manufacturers in Montreal Canada,NORCAN ALUMINIUM,http://norcanaluminium.com/,https://www.google.com/maps/place/NORCAN+ALUMINIUM/data=!4m7!3m6!1s0x4cc90313d00a535d:0xea32e59472c26d2!8m2!3d45.5577216!4d-73.4303939!16s%2Fg%2F1hc363llb!19sChIJXVMK0BMDyUwR0iYsR1kuow4
Aluminum Manufacturers in Montreal Canada,Kaycan - Corporate Headquarters,https://www.kaycan.com/kaycan-canadian-branches/kaycan-montreal/?utm_source=gmb&utm_medium=organic&utm_campaign=gmb-montreal,https://www.google.com/maps/place/Kaycan+-+Corporate+Headquarters/data=!4m7!3m6!1s0x4cc93cf44a070bd3:0x1536b0988e9faab4!8m2!3d45.4761124!4d-73.8053756!16s%2Fg%2F1vr3csvh!19sChIJ0wsHSvQ8yUwRtKqfjpiwNhU
Aluminum Manufacturers in Montreal Canada,Bell Aluminum Inc.,http://www.bellaluminium.com/,https://www.google.com/maps/place/Bell+Aluminum+Inc./data=!4m7!3m6!1s0x4cc91ecb1e7c2dab:0x3b1ef47129938941!8m2!3d45.6169321!4d-73.6603628!16s%2Fg%2F1tm8dlw8!19sChIJqy18HsseyUwRQYmTKXH0Hjs
Aluminum Manufacturers in Montreal Canada,Atelier Aubin,http://www.atelieraubin.com/,https://www.google.com/maps/place/Atelier+Aubin/data=!4m7!3m6!1s0x4cc91088e488c30b:0xbc53ea567f7dce5c!8m2!3d45.466436!4d-73.57793!16s%2Fg%2F11gff5k_r7!19sChIJC8OI5IgQyUwRXM59f1bqU7w
Aluminum Manufacturers in Montreal Canada,OAM Aluminium Distributor Inc.,https://oam-inc.ca/,https://www.google.com/maps/place/OAM+Aluminium+Distributor+Inc./data=!4m7!3m6!1s0x4ccec5559be3d727:0xf88efae99d69376d!8m2!3d45.5642729!4d-74.3376606!16s%2Fg%2F11kbyfbzwg!19sChIJJ9fjm1XFzkwRbTdpnen6jvg
Aluminum Manufacturers in Montreal Canada,Extrudex Aluminium (Québec) inc,http://www.extrudex.com/,https://www.google.com/maps/place/Extrudex+Aluminium+%28Qu%C3%A9bec%29+inc/data=!4m7!3m6!1s0x4cb891fc5f44f2c9:0xb00e112843ab72da!8m2!3d46.6954946!4d-71.3062941!16s%2Fg%2F1tzlykw6!19sChIJyfJEX_yRuEwR2nKrQygRDrA
Aluminum Manufacturers in Montreal Canada,Aluminium Association of Canada,https://aluminium.ca/,https://www.google.com/maps/place/Aluminium+Association+of+Canada/data=!4m7!3m6!1s0x4cc91a46d5207d35:0xdeedc3bb58b4a1c1!8m2!3d45.5022244!4d-73.5756663!16s%2Fg%2F1vd94q98!19sChIJNX0g1UYayUwRwaG0WLvD7d4
Aluminum Manufacturers in Montreal Canada,Aluminium Caruso & Fils Inc. / Caruso & Sons Aluminium Inc.,https://www.aluminiumcaruso.com/,https://www.google.com/maps/place/Aluminium+Caruso+%26+Fils+Inc.+%2F+Caruso+%26+Sons+Aluminium+Inc./data=!4m7!3m6!1s0x4cc91fa7715d5fb7:0x3f82a25dd55e0b21!8m2!3d45.6012901!4d-73.6184573!16s%2Fg%2F1tdmdhq4!19sChIJt19dcacfyUwRIQte1V2igj8
Aluminum Manufacturers in Montreal Canada,Aluminium Fenebel,http://www.fenebel.com/,https://www.google.com/maps/place/Aluminium+Fenebel/data=!4m7!3m6!1s0x4cc91fa67632b9df:0x80e523cf71c43266!8m2!3d45.6049458!4d-73.6148375!16s%2Fg%2F1tpprl1k!19sChIJ37kydqYfyUwRZjLEcc8j5YA
Aluminum Manufacturers in Montreal Canada,Aluminium Atlanta Inc,http://www.groupeatlanta.ca/,https://www.google.com/maps/place/Aluminium+Atlanta+Inc/data=!4m7!3m6!1s0x4cc91e5be2aae45f:0x6d9bf7041eca0204!8m2!3d45.600001!4d-73.583232!16s%2Fg%2F1wh4fgs4!19sChIJX-Sq4lseyUwRBALKHgT3m20
Aluminum Manufacturers in Montreal Canada,ELYSIS,https://www.elysis.com/,https://www.google.com/maps/place/ELYSIS/data=!4m7!3m6!1s0x4cc91b17600f5125:0x8e1c50c4014941e3!8m2!3d45.502057!4d-73.5684264!16s%2Fg%2F11f62g6md4!19sChIJJVEPYBcbyUwR40FJAcRQHI4
Aluminum Manufacturers in Montreal Canada,Hydro Aluminium,http://www.hydroalum.com/,https://www.google.com/maps/place/Hydro+Aluminium/data=!4m7!3m6!1s0x4cc91966dad457b1:0x661156615eabc472!8m2!3d45.5357499!4d-73.5940736!16s%2Fg%2F1td0mn0c!19sChIJsVfU2mYZyUwRcsSrXmFWEWY
Aluminum Manufacturers in Montreal Canada,Arcan Aluminium,https://arcanaluminium.com/,https://www.google.com/maps/place/Arcan+Aluminium/data=!4m7!3m6!1s0x4ccedbf5e0582e9b:0x7a2104d99d953ec4!8m2!3d45.6547118!4d-74.3701139!16s%2Fg%2F1tf69p4x!19sChIJmy5Y4PXbzkwRxD6VndkEIXo
Aluminum Manufacturers in Montreal Canada,DBM Aluminium et Fer Ornemental,https://www.dbmaluminium.com/,https://www.google.com/maps/place/DBM+Aluminium+et+Fer+Ornemental/data=!4m7!3m6!1s0x4cc91129c4b608db:0x3fa9de5bc2560899!8m2!3d45.4466239!4d-73.6298966!16s%2Fg%2F1tdzl59y!19sChIJ2wi2xCkRyUwRmQhWwlveqT8
Aluminum Manufacturers in Montreal Canada,Bray Metals,http://braymetals.com/,https://www.google.com/maps/place/Bray+Metals/data=!4m7!3m6!1s0x4cc93d95faf30471:0x956717f47c6c43a4!8m2!3d45.460379!4d-73.703785!16s%2Fg%2F11h3_vfw8m!19sChIJcQTz-pU9yUwRpENsfPQXZ5U
Aluminum Manufacturers in Montreal Canada,C I F Métal Ltee,https://www.cifmetal.com/fr/,https://www.google.com/maps/place/C+I+F+M%C3%A9tal+Ltee/data=!4m7!3m6!1s0x4cb830d937b203b5:0x2c5f6fe9750ad778!8m2!3d46.1186218!4d-71.2890032!16s%2Fg%2F1tglmhtq!19sChIJtQOyN9kwuEwReNcKdelvXyw
Aluminum Manufacturers in Montreal Canada,ALU MC3,https://www.alumc3.com/,https://www.google.com/maps/place/ALU+MC3/data=!4m7!3m6!1s0x4cc8fdee61210ccd:0xdd16ec734f2503f3!8m2!3d45.6074029!4d-73.3579561!16s%2Fg%2F11p9wdsqmp!19sChIJzQwhYe79yEwR8wMlT3PsFt0
Aluminum Manufacturers in Montreal Canada,Euro Portes,http://www.europortes.ca/,https://www.google.com/maps/place/Euro+Portes/data=!4m7!3m6!1s0x4cc925ddac8e950b:0xa3ee4ef44c10dca5!8m2!3d45.5791863!4d-73.7475218!16s%2Fg%2F11qb3dng93!19sChIJC5WOrN0lyUwRpdwQTPRO7qM
Aluminum Manufacturers in Montreal Canada,Axis Lighting Inc.,http://axislighting.com/,https://www.google.com/maps/place/Axis+Lighting+Inc./data=!4m7!3m6!1s0x40552e306ed6800d:0xdb48f09f19484ee9!8m2!3d45.4487162!4d-73.6233678!16s%2Fg%2F1hm5yjjk2!19sChIJDYDWbjAuVUAR6U5IGZ_wSNs
Aluminum Manufacturers in Montreal Canada,Paber Aluminium Inc,https://paber-alu.com/,https://www.google.com/maps/place/Paber+Aluminium+Inc/data=!4m7!3m6!1s0x4cbed53a8d5dee35:0xa5af1b783202f3cb!8m2!3d47.0340146!4d-70.435741!16s%2Fg%2F1tfq8v7d!19sChIJNe5djTrVvkwRy_MCMngbr6U
Aluminum Manufacturers in Montreal Canada,Aluminium Denis Constantin Inc,http://www.alumdenis.ca/,https://www.google.com/maps/place/Aluminium+Denis+Constantin+Inc/data=!4m7!3m6!1s0x4cc92f39f60dfa93:0xada5dc7f9b85e50!8m2!3d45.6307561!4d-73.9198361!16s%2Fg%2F1tdvjt2n!19sChIJk_oN9jkvyUwRUF64-cdd2go
Aluminum Manufacturers in Montreal Canada,Portes et Fenêtres N.E.W. Factory,https://www.pfnewfactory.ca/,https://www.google.com/maps/place/Portes+et+Fen%C3%AAtres+N.E.W.+Factory/data=!4m7!3m6!1s0x4cc90f0663e988f9:0x20850c12e0a43a19!8m2!3d45.3997525!4d-73.5026691!16s%2Fg%2F11gl15h_ml!19sChIJ-YjpYwYPyUwRGTqk4BIMhSA
Aluminum Manufacturers in Montreal Canada,Gouttières 4 Ever - Montréal,https://www.gouttieres4ever.ca/,https://www.google.com/maps/place/Goutti%C3%A8res+4+Ever+-+Montr%C3%A9al/data=!4m7!3m6!1s0x4cc93b3993d14513:0xb23039fe4194b37d!8m2!3d45.4789815!4d-73.9258515!16s%2Fg%2F11r8q3z3vk!19sChIJE0XRkzk7yUwRfbOUQf45MLI
Aluminum Manufacturers in Montreal Canada,Gabrielli Aluminium Inc / Aluminium Stairs Galleries Awnings Montreal,http://www.gabriellialuminium.ca/,https://www.google.com/maps/place/Gabrielli+Aluminium+Inc+%2F+Aluminium+Stairs+Galleries+Awnings+Montreal/data=!4m7!3m6!1s0x4cc91fc968773d57:0x1d28ff1eab64973!8m2!3d45.6213146!4d-73.600527!16s%2Fg%2F1tjxf8fc!19sChIJVz13aMkfyUwRc0m26vGP0gE
Aluminum Manufacturers in Montreal Canada,Aluminium Hallak,https://www.aluminumhallak.com/,https://www.google.com/maps/place/Aluminium+Hallak/data=!4m7!3m6!1s0x4cc91937ca31109f:0x67bfbe2aaf23ad85!8m2!3d45.5398096!4d-73.661767!16s%2Fg%2F11w3l9tsvs!19sChIJnxAxyjcZyUwRha0jryq-v2c
Aluminum Manufacturers in Montreal Canada,Manic Aluminium Ltee,http://www.manicaluminium.com/,https://www.google.com/maps/place/Manic+Aluminium+Ltee/data=!4m7!3m6!1s0x4cc8e1c49b26328b:0xbe353ce1b07e03ed!8m2!3d45.6423113!4d-73.5583278!16s%2Fg%2F1tfr00tb!19sChIJizImm8ThyEwR7QN-sOE8Nb4
Aluminum Manufacturers in Montreal Canada,Les Produits Aluminium P.S. Inc.,http://www.psaluminium.com/,https://www.google.com/maps/place/Les+Produits+Aluminium+P.S.+Inc./data=!4m7!3m6!1s0x4cc91e2c5a62b3c5:0xb1db972ae9bf76e9!8m2!3d45.6272419!4d-73.5823013!16s%2Fg%2F1v9lbd5_!19sChIJxbNiWiweyUwR6Xa_6SqX27E
Aluminum Manufacturers in Montreal Canada,Expo Aluminium inc.,http://www.expoaluminium.ca/,https://www.google.com/maps/place/Expo+Aluminium+inc./data=!4m7!3m6!1s0x4cc921e349f837cf:0x9a0750aebc50b1b8!8m2!3d45.5591827!4d-73.7118733!16s%2Fg%2F1td7yq5s!19sChIJzzf4SeMhyUwRuLFQvK5QB5o
Aluminum Manufacturers in Montreal Canada,Alumix Aluminium,https://www.alumix.ca/,https://www.google.com/maps/place/Alumix+Aluminium/data=!4m7!3m6!1s0x4cc93db2aa3117f5:0x8a0892159d829c60!8m2!3d45.4993635!4d-73.7467275!16s%2Fg%2F11fr61vh40!19sChIJ9RcxqrI9yUwRYJyCnRWSCIo
Aluminum Manufacturers in Montreal Canada,Amro Aluminium Inc.,http://amro.ca/,https://www.google.com/maps/place/Amro+Aluminium+Inc./data=!4m7!3m6!1s0x4cc917b9416256c1:0xfbfe0120f85fafe0!8m2!3d45.4711622!4d-73.7000153!16s%2Fg%2F1vlqptqr!19sChIJwVZiQbkXyUwR4K9f-CAB_vs
Aluminum Manufacturers in Montreal Canada,Projet Acier Montréal,http://www.costal.ca/,https://www.google.com/maps/place/Projet+Acier+Montr%C3%A9al/data=!4m7!3m6!1s0x4cc903ea44ecb347:0xa2f24a03b9c90f20!8m2!3d45.4780493!4d-73.3914588!16s%2Fg%2F11fsk91gzy!19sChIJR7PsROoDyUwRIA_JuQNK8qI
Aluminum Manufacturers in Montreal Canada,Varina Aluminium Inc,http://www.aluminiumvarina.com/?utm_medium=referral&utm_source=gmb&utm_campaign=lnk-gmb,https://www.google.com/maps/place/Varina+Aluminium+Inc/data=!4m7!3m6!1s0x4cc91971ae775aa7:0xb1453b90cb2f3d83!8m2!3d45.5290971!4d-73.6072948!16s%2Fg%2F1tgfczwh!19sChIJp1p3rnEZyUwRgz0vy5A7RbE
Aluminum Manufacturers in Montreal Canada,Aluminium B Bouchard Inc,https://www.aluminiumbbouchard.ca/,https://www.google.com/maps/place/Aluminium+B+Bouchard+Inc/data=!4m7!3m6!1s0x4cc9268e7fbf897d:0x76b91e4a0783190b!8m2!3d45.6032227!4d-73.8046841!16s%2Fg%2F1tltl_4p!19sChIJfYm_f44myUwRCxmDB0oeuXY
Aluminum Manufacturers in Montreal Canada,Alumalco,http://alumalco.ca/,https://www.google.com/maps/place/Alumalco/data=!4m7!3m6!1s0x4cc93d38e4957651:0xa56157a4cafa71e3!8m2!3d45.5199633!4d-73.6595413!16s%2Fg%2F1q2w0txtb!19sChIJUXaV5Dg9yUwR43H6yqRXYaU
Aluminum Manufacturers in Montreal Canada,Hydro- Extrusions North America,http://www.hydro.com/,https://www.google.com/maps/place/Hydro-+Extrusions+North+America/data=!4m7!3m6!1s0x4cc93c56dea83639:0x4c1db803aa24928!8m2!3d45.4688488!4d-73.7970398!16s%2Fg%2F1tjz7kpx!19sChIJOTao3lY8yUwRKEmiOoDbwQQ
Aluminum Manufacturers in Montreal Canada,ACM Gouttières,http://www.acmgouttieres.com/,https://www.google.com/maps/place/ACM+Goutti%C3%A8res/data=!4m7!3m6!1s0x4cc90b9d78b74773:0xe725cdcda3ea390e!8m2!3d45.3465277!4d-73.4670568!16s%2Fg%2F11df4tyncq!19sChIJc0e3eJ0LyUwRDjnqo83NJec
Aluminum Manufacturers in Montreal Canada,G & S Fer Aluminum Inc.,https://escaliermtl.ca/,https://www.google.com/maps/place/G+%26+S+Fer+Aluminum+Inc./data=!4m7!3m6!1s0x4cc91def3ddbe567:0xe94efe4d6992396c!8m2!3d45.6120727!4d-73.525663!16s%2Fg%2F1w111tdt!19sChIJZ-XbPe8dyUwRbDmSaU3-Tuk
Aluminum Manufacturers in Montreal Canada,MAADI Group,http://www.maadigroup.com/,https://www.google.com/maps/place/MAADI+Group/data=!4m7!3m6!1s0x4055327aa6bdb6e3:0xd75ff615f16d0857!8m2!3d45.7380346!4d-73.651736!16s%2Fg%2F11b6_8kc6k!19sChIJ47a9pnoyVUARVwht8RX2X9c
Aluminum Manufacturers in Montreal Canada,Balcons Verdun Longueuil,https://www.balconsverdun.com/succursale/Boucherville,https://www.google.com/maps/place/Balcons+Verdun+Longueuil/data=!4m7!3m6!1s0x4cc90523124e1457:0xd4da30ffd87f3976!8m2!3d45.5618594!4d-73.4402392!16s%2Fg%2F11dxnp78_3!19sChIJVxROEiMFyUwRdjl_2P8w2tQ
Aluminum Manufacturers in Montreal Canada,Aluminium & Vitrerie HAS,https://hasaluminium.com/,https://www.google.com/maps/place/Aluminium+%26+Vitrerie+HAS/data=!4m7!3m6!1s0x4cc91f38ce45f51f:0xbb00f2b63ed72821!8m2!3d45.5788712!4d-73.6390616!16s%2Fg%2F1tkf0lf_!19sChIJH_VFzjgfyUwRISjXPrbyALs
Aluminum Manufacturers in Montreal Canada,Aluminium 25ième,http://www.aluminium25.com/,https://www.google.com/maps/place/Aluminium+25i%C3%A8me/data=!4m7!3m6!1s0x4cc92f3a9dc08535:0x7a2e6e749293c6a7!8m2!3d45.5942766!4d-73.9097165!16s%2Fg%2F1th56m0g!19sChIJNYXAnTovyUwRp8aTknRuLno
Aluminum Manufacturers in Montreal Canada,Acier Majeau Inc,http://www.aciermajeau.com/,https://www.google.com/maps/place/Acier+Majeau+Inc/data=!4m7!3m6!1s0x4cc8bdb99d0037b7:0x41d67169deba1aee!8m2!3d46.037409!4d-73.4105551!16s%2Fg%2F1vnrq6n2!19sChIJtzcAnbm9yEwR7hq63mlx1kE
Aluminum Manufacturers in Montreal Canada,Maisonneuve Aluminium,http://www.alumpvc.com/,https://www.google.com/maps/place/Maisonneuve+Aluminium/data=!4m7!3m6!1s0x4cc91be0263d2317:0x81cddd3c5667a9d0!8m2!3d45.539122!4d-73.5841457!16s%2Fg%2F1td0mn2d!19sChIJFyM9JuAbyUwR0KlnVjzdzYE
Aluminum Manufacturers in Montreal Canada,D.R. Design Inc,http://www.faztek.ca/,https://www.google.com/maps/place/D.R.+Design+Inc/data=!4m7!3m6!1s0x4cc93d9862bc1f9b:0x433e75b3b4713a1c!8m2!3d45.4946196!4d-73.7479763!16s%2Fg%2F11gntvqhl9!19sChIJmx-8Ypg9yUwRHDpxtLN1PkM
Aluminum Manufacturers in Montreal Canada,Aluminium A Scott Inc,https://aluminiumdistinction.com/en/dealers/aluminium-a-scott-inc/,https://www.google.com/maps/place/Aluminium+A+Scott+Inc/data=!4m7!3m6!1s0x4cc9cdda6ac26001:0x218ad7b5d053a4d0!8m2!3d45.4300338!4d-72.7169799!16s%2Fg%2F1tjrplrd!19sChIJAWDCatrNyUwR0KRT0LXXiiE
Aluminum Manufacturers in Montreal Canada,"ALDG Aluminium Développement Groupe - Aluminum Deck, Railings, Fencing",https://aldg.ca/,"https://www.google.com/maps/place/ALDG+Aluminium+D%C3%A9veloppement+Groupe+-+Aluminum+Deck,+Railings,+Fencing/data=!4m7!3m6!1s0x4cce1adfd28e3f1b:0xaafc894ab7c1492f!8m2!3d45.5114557!4d-75.5700497!16s%2Fg%2F1tgz532r!19sChIJGz-O0t8azkwRL0nBt0qJ_Ko"
Aluminum Manufacturers in Montreal Canada,EVERCO Windows & Doors / Portes et Fenêtres,https://www.everco.ca/,https://www.google.com/maps/place/EVERCO+Windows+%26+Doors+%2F+Portes+et+Fen%C3%AAtres/data=!4m7!3m6!1s0x4cc917c643552157:0xe4e17954fbc008f7!8m2!3d45.4487972!4d-73.7740725!16s%2Fg%2F11w8fn_zjz!19sChIJVyFVQ8YXyUwR9wjA-1R54eQ
Aluminum Manufacturers in Montreal Canada,Aluminium Brunet - Centre de Pliage et matériaux,http://aluminiumbrunet.ca/,https://www.google.com/maps/place/Aluminium+Brunet+-+Centre+de+Pliage+et+mat%C3%A9riaux/data=!4m7!3m6!1s0x4ccf75bff7c46a33:0x8064708e49ffab68!8m2!3d46.1371325!4d-74.614651!16s%2Fg%2F11fmz0687q!19sChIJM2rE9791z0wRaKv_SY5wZIA
Aluminum Manufacturers in Montreal Canada,Aluminium LG,https://aluminiumlg.com/,https://www.google.com/maps/place/Aluminium+LG/data=!4m7!3m6!1s0x4cc9a224255aaae1:0xaea67bf5636a1350!8m2!3d45.2157455!4d-73.2945507!16s%2Fg%2F11hbvwr2zv!19sChIJ4apaJSSiyUwRUBNqY_V7pq4
Aluminum Manufacturers in Montreal Canada,GouPro Aluminium,http://www.goupro.com/,https://www.google.com/maps/place/GouPro+Aluminium/data=!4m7!3m6!1s0x4cc9ceec55ca8d3b:0x452b76ceef8c457a!8m2!3d45.3383712!4d-72.7858367!16s%2Fg%2F1tfqqkxj!19sChIJO43KVezOyUwRekWM7852K0U
Aluminum Manufacturers in Montreal Canada,Metal Pros,http://www.metalpros.com/,https://www.google.com/maps/place/Metal+Pros/data=!4m7!3m6!1s0x4cce0ee3e2c4b953:0xbe0678494816699c!8m2!3d45.3961185!4d-75.6016252!16s%2Fg%2F11b6dvk6l6!19sChIJU7nE4uMOzkwRnGkWSEl4Br4
Aluminum Manufacturers in Montreal Canada,Doors and Windows of the East,https://portesetfenetresdelest.com/,https://www.google.com/maps/place/Doors+and+Windows+of+the+East/data=!4m7!3m6!1s0x4cc91c5c4ddcf8e9:0xf843cb22848c47f9!8m2!3d45.5695196!4d-73.5218494!16s%2Fg%2F1vqtgdmw!19sChIJ6fjcTVwcyUwR-UeMhCLLQ_g
Aluminum Manufacturers in Montreal Canada,Benevento Fer Ornemental Enr,https://beneventordp.com/,https://www.google.com/maps/place/Benevento+Fer+Ornemental+Enr/data=!4m7!3m6!1s0x4cc91fc99d52fbd3:0xf94dfb96feef58f3!8m2!3d45.6192827!4d-73.598361!16s%2Fg%2F11b5wqf3p2!19sChIJ0_tSnckfyUwR81jv_pb7Tfk
Aluminum Manufacturers in Montreal Canada,LOUSOL Aluminium Pergola,https://www.aluminumpergola.ca/,https://www.google.com/maps/place/LOUSOL+Aluminium+Pergola/data=!4m7!3m6!1s0x4cc9a77cc21f61e7:0x36a55e9d954c3473!8m2!3d45.3605191!4d-73.3030122!16s%2Fg%2F11y30jnb4n!19sChIJ52EfwnynyUwRczRMlZ1epTY
Aluminum Manufacturers in Montreal Canada,Les Entreprises Tzanet,http://www.tzanet.com/,https://www.google.com/maps/place/Les+Entreprises+Tzanet/data=!4m7!3m6!1s0x4cc918f3f22a80a9:0xc62c2032f37672a4!8m2!3d45.5332327!4d-73.6628439!16s%2Fg%2F1vq74gk_!19sChIJqYAq8vMYyUwRpHJ28zIgLMY
Aluminum Manufacturers in Montreal Canada,ABM Enviro inc.,http://abmenviro.ca/,https://www.google.com/maps/place/ABM+Enviro+inc./data=!4m7!3m6!1s0x4cc92168a357305d:0x2593d47d80a3cf94!8m2!3d45.7807576!4d-74.0372862!16s%2Fg%2F11b5z5bslj!19sChIJXTBXo2ghyUwRlM-jgH3UkyU
Aluminum Manufacturers in Montreal Canada,Aurora Direct - Windows and Doors Montreal,https://auroradirect.ca/,https://www.google.com/maps/place/Aurora+Direct+-+Windows+and+Doors+Montreal/data=!4m7!3m6!1s0x4cc919092a46c8f3:0x2a22ca6cb900a743!8m2!3d45.4850021!4d-73.641669!16s%2Fg%2F11h_119mk3!19sChIJ88hGKgkZyUwRQ6cAuWzKIio
Aluminum Manufacturers in Montreal Canada,Forged Wheels,http://forgedwheelsusa.com/,https://www.google.com/maps/place/Forged+Wheels/data=!4m7!3m6!1s0x4cc9201705aaaaab:0x473093cee5de3aeb!8m2!3d45.6281444!4d-73.6554577!16s%2Fg%2F11ldjbtngk!19sChIJq6qqBRcgyUwR6zre5c6TMEc
Aluminum Manufacturers in Montreal Canada,Wilton Panorama (Panorama plant),https://www.wiltonpanorama.com/,https://www.google.com/maps/place/Wilton+Panorama+%28Panorama+plant%29/data=!4m7!3m6!1s0x4cc91fa613e6572d:0xed0a7186deb36d1d!8m2!3d45.6038807!4d-73.6145001!16s%2Fg%2F11b7w602g7!19sChIJLVfmE6YfyUwRHW2z3oZxCu0
Aluminum Manufacturers in Montreal Canada,Therio Innovation Inc.,http://www.therioinnovation.com/,https://www.google.com/maps/place/Therio+Innovation+Inc./data=!4m7!3m6!1s0x4cc90455ce1502cf:0x736cc6c5b2c37ddd!8m2!3d45.5016418!4d-73.442201!16s%2Fg%2F11g7nwnvlh!19sChIJzwIVzlUEyUwR3X3DssXGbHM
